,,,,,
Incorporated Cities and Census Designated Places (CDP) by County in California,,,,,
Geography,Total Population,Land Area in Square Miles,Population Per Square Mile (Land Area),,Geoid
California,"39,538,223","155,858.3",254,,0400000US06
Alameda County,"1,682,353",737.5,"2,281",,0500000US06001
Alameda city,"78,280",10.4,"7,492",,1600000US0600562
Albany city,"20,271",1.8,"11,325",,1600000US0600674
Ashland CDP,"23,823",1.8,"12,929",,1600000US0602980
Berkeley city,"124,321",10.4,"11,917",,1600000US0606000
Castro Valley CDP,"66,441",16.8,"3,943",,1600000US0611964
Cherryland CDP,"15,808",1.2,"13,247",,1600000US0612902
Dublin city,"72,589",15.2,"4,767",,1600000US0620018
Emeryville city,"12,905",1.3,"10,136",,1600000US0622594
Fairview CDP,"11,341",3.0,"3,813",,1600000US0623350
Fremont city,"230,504",78.3,"2,943",,1600000US0626000
Hayward city,"162,954",45.8,"3,557",,1600000US0633000
Livermore city,"87,955",26.4,"3,326",,1600000US0641992
Newark city,"47,529",13.9,"3,415",,1600000US0650916
Oakland city,"440,646",55.9,"7,878",,1600000US0653000
Piedmont city,"11,270",1.7,"6,630",,1600000US0656938
Pleasanton city,"79,871",24.1,"3,309",,1600000US0657792
San Leandro city,"91,008",13.3,"6,831",,1600000US0668084
San Lorenzo CDP,"29,581",3.0,"9,713",,1600000US0668112
Sunol CDP,922,28.3,33,,1600000US0677042
Union City city,"70,143",19.2,"3,657",,1600000US0681204
Alpine County,"1,204",738.3,2,,0500000US06003
Alpine Village CDP,224,4.1,55,,1600000US0601228
Bear Valley CDP,128,5.2,25,,1600000US0604716
Kirkwood CDP,108,2.5,44,,1550000US0638646003
Markleeville CDP,191,6.5,29,,1600000US0645988
Mesa Vista CDP,217,4.9,45,,1600000US0647086
Amador County,"40,474",594.6,68,,0500000US06005
Amador City city,200,0.3,646,,1600000US0601514
Amador Pines CDP,"1,118",4.9,231,,1600000US0601518
Buckhorn CDP,"2,597",4.9,527,,1600000US0608680
Buena Vista CDP,542,1.7,321,,1600000US0608828
Camanche North Shore CDP,"1,070",2.3,459,,1600000US0610042
Camanche Village CDP,964,5.4,177,,1600000US0610044
Drytown CDP,186,3.3,57,,1600000US0619976
Fiddletown CDP,279,4.6,61,,1600000US0623980
Ione city,"5,141",4.6,"1,123",,1600000US0636672
Jackson city,"5,019",3.6,"1,401",,1600000US0636980
Kirkwood CDP,82,1.9,44,,1550000US0638646005
Lockwood CDP,495,5.4,91,,1600000US0642142
Martell CDP,207,2.2,95,,1600000US0646100
Pine Grove CDP,"2,891",7.5,386,,1600000US0657148
Pioneer CDP,"1,066",3.9,271,,1600000US0657330
Plymouth city,"1,078",2.6,407,,1600000US0657834
Red Corral CDP,"1,687",6.3,268,,1600000US0659896
River Pines CDP,390,0.2,"1,926",,1600000US0661124
Sutter Creek city,"2,646",2.7,981,,1600000US0677392
Volcano CDP,104,1.4,74,,1600000US0683094
Butte County,"211,632","1,636.5",129,,0500000US06007
Bangor CDP,695,13.4,52,,1600000US0603792
Berry Creek CDP,"1,637",57.1,29,,1600000US0606070
Biggs city,"1,964",0.9,"2,195",,1600000US0606560
Butte Creek Canyon CDP,780,20.5,38,,1600000US0609310
Butte Meadows CDP,74,2.1,35,,1600000US0609318
Butte Valley CDP,945,18.3,52,,1600000US0609324
Cherokee CDP,88,1.8,50,,1600000US0612818
Chico city,"101,475",34.1,"2,972",,1600000US0613014
Clipper Mills CDP,160,1.7,92,,1600000US0614148
Cohasset CDP,830,25.0,33,,1600000US0614442
Concow CDP,402,27.4,15,,1600000US0616035
Durham CDP,"5,834",81.7,71,,1600000US0620270
Forbestown CDP,396,6.3,63,,1600000US0624750
Forest Ranch CDP,"1,304",13.9,94,,1600000US0624918
Gridley city,"7,421",2.1,"3,557",,1600000US0631260
Honcut CDP,306,4.2,72,,1600000US0634428
Kelly Ridge CDP,"3,006",2.0,"1,540",,1600000US0638024
Magalia CDP,"7,795",14.0,556,,1600000US0645120
Nord CDP,286,2.1,136,,1600000US0651574
Oroville city,"20,042",13.8,"1,449",,1600000US0654386
Oroville East CDP,"8,038",21.6,372,,1600000US0654388
Palermo CDP,"5,555",29.2,190,,1600000US0655086
Paradise town,"4,764",18.3,260,,1600000US0655520
Rackerby CDP,210,3.0,71,,1600000US0659115
Richvale CDP,234,0.9,252,,1600000US0660662
Robinson Mill CDP,89,1.3,68,,1600000US0662200
South Oroville CDP,"3,235",2.7,"1,218",,1600000US0673178
Stirling City CDP,284,1.2,241,,1600000US0674186
Thermalito CDP,"7,198",12.7,566,,1600000US0678470
Yankee Hill CDP,260,6.0,43,,1600000US0686678
Calaveras County,"45,292","1,020.0",44,,0500000US06009
Angels city,"3,667",3.6,"1,010",,1600000US0602112
Arnold CDP,"3,288",9.1,363,,1600000US0602770
Avery CDP,636,2.1,302,,1600000US0603316
Copperopolis CDP,"3,400",15.6,218,,1600000US0616210
Dorrington CDP,519,4.1,127,,1600000US0619570
Forest Meadows CDP,"1,276",3.8,339,,1600000US0624897
Mokelumne Hill CDP,691,3.1,224,,1600000US0648480
Mountain Ranch CDP,223,3.9,57,,1600000US0649628
Murphys CDP,"1,995",4.2,472,,1600000US0650034
Rail Road Flat CDP,316,9.1,35,,1600000US0659220
Rancho Calaveras CDP,"5,590",8.4,667,,1600000US0659426
San Andreas CDP,"2,994",8.4,357,,1600000US0664420
Vallecito CDP,442,2.1,212,,1600000US0681652
Valley Springs CDP,"3,779",4.0,946,,1600000US0681890
Wallace CDP,479,4.3,112,,1600000US0683304
West Point CDP,688,3.0,232,,1600000US0684732
Colusa County,"21,839","1,150.7",19,,0500000US06011
Arbuckle CDP,"3,484",1.8,"1,979",,1600000US0602420
College City CDP,292,2.9,100,,1600000US0614554
Colusa city,"6,411",3.4,"1,872",,1600000US0614946
Grimes CDP,296,2.3,131,,1600000US0631288
Lodoga CDP,184,3.4,54,,1600000US0642230
Maxwell CDP,"1,067",2.2,496,,1600000US0646338
Princeton CDP,309,1.5,212,,1600000US0658758
Stonyford CDP,133,1.4,95,,1600000US0675154
Williams city,"5,538",4.9,"1,120",,1600000US0685586
Contra Costa County,"1,165,927",716.9,"1,626",,0500000US06013
Acalanes Ridge CDP,"1,285",0.5,"2,788",,1600000US0600135
Alamo CDP,"15,314",9.8,"1,560",,1600000US0600618
Alhambra Valley CDP,805,1.6,499,,1600000US0600898
Antioch city,"115,291",29.2,"3,952",,1600000US0602252
Bay Point CDP,"23,896",6.4,"3,719",,1600000US0604415
Bayview CDP,"1,782",0.3,"5,848",,1600000US0604470
Bethel Island CDP,"2,131",5.3,406,,1600000US0606210
Blackhawk CDP,"9,637",5.8,"1,669",,1600000US0606928
Brentwood city,"64,292",14.9,"4,325",,1600000US0608142
Byron CDP,"1,140",6.5,175,,1600000US0609346
Camino Tassajara CDP,"4,951",1.3,"3,880",,1600000US0610301
Castle Hill CDP,"1,271",0.6,"2,174",,1600000US0611915
Clayton city,"11,070",3.8,"2,883",,1600000US0613882
Clyde CDP,729,0.1,"5,180",,1600000US0614232
Concord city,"125,410",30.6,"4,105",,1600000US0616000
Contra Costa Centre CDP,"6,808",0.6,"10,693",,1600000US0616090
Crockett CDP,"3,242",1.1,"3,052",,1600000US0617274
Danville town,"43,582",18.1,"2,411",,1600000US0617988
Diablo CDP,"1,255",1.4,920,,1600000US0619150
Discovery Bay CDP,"15,358",5.6,"2,747",,1600000US0619339
East Richmond Heights CDP,"3,460",0.6,"5,967",,1600000US0621061
El Cerrito city,"25,962",3.7,"7,071",,1600000US0621796
El Sobrante CDP,"15,524",3.1,"5,014",,1600000US0622454
Hercules city,"26,016",6.4,"4,057",,1600000US0633308
Kensington CDP,"5,428",1.0,"5,632",,1600000US0638086
Knightsen CDP,"1,596",8.4,191,,1600000US0638772
Lafayette city,"25,391",15.0,"1,690",,1600000US0639122
Martinez city,"37,287",12.6,"2,952",,1600000US0646114
Montalvin Manor CDP,"3,099",0.3,"9,641",,1600000US0648718
Moraga town,"16,870",9.5,"1,783",,1600000US0649187
Mountain View CDP,"2,622",0.3,"9,129",,1600000US0649651
Norris Canyon CDP,"1,313",3.6,364,,1600000US0651622
North Gate CDP,667,0.7,907,,1600000US0651890
North Richmond CDP,"4,175",1.4,"3,005",,1600000US0652162
Oakley city,"43,357",15.9,"2,733",,1600000US0653070
Orinda city,"19,514",12.9,"1,518",,1600000US0654232
Pacheco CDP,"4,183",0.8,"5,568",,1600000US0654764
Pinole city,"19,022",5.1,"3,727",,1600000US0657288
Pittsburg city,"76,416",17.7,"4,323",,1600000US0657456
Pleasant Hill city,"34,613",7.1,"4,892",,1600000US0657764
Port Costa CDP,190,0.2,"1,201",,1600000US0658226
Reliez Valley CDP,"3,354",2.4,"1,421",,1600000US0660279
Richmond city,"116,448",30.1,"3,875",,1600000US0660620
Rodeo CDP,"9,653",3.8,"2,567",,1600000US0662490
Rollingwood CDP,"3,015",0.2,"17,439",,1600000US0662700
San Miguel CDP,"3,591",1.1,"3,419",,1600000US0668263
San Pablo city,"32,127",2.6,"12,242",,1600000US0668294
San Ramon city,"84,605",18.7,"4,528",,1600000US0668378
Saranap CDP,"5,830",1.1,"5,137",,1600000US0670266
Shell Ridge CDP,"1,014",0.4,"2,356",,1600000US0671362
Tara Hills CDP,"5,364",0.7,"8,044",,1600000US0677924
Vine Hill CDP,"4,323",1.5,"2,878",,1600000US0682842
Walnut Creek city,"70,127",19.8,"3,549",,1600000US0683346
Del Norte County,"27,743","1,006.2",28,,0500000US06015
Bertsch-Oceanview CDP,"2,520",5.3,475,,1600000US0606150
Crescent City city,"6,673",2.0,"3,399",,1600000US0617022
Fort Dick CDP,912,3.2,284,,1600000US0625086
Gasquet CDP,657,4.8,138,,1600000US0629154
Hiouchi CDP,314,0.6,542,,1600000US0633935
Klamath CDP,"1,088",17.2,63,,1600000US0638702
Smith River CDP,906,4.4,205,,1600000US0672380
El Dorado County,"191,185","1,707.8",112,,0500000US06017
Auburn Lake Trails CDP,"3,388",12.7,266,,1600000US0603205
Cameron Park CDP,"18,881",11.2,"1,682",,1600000US0610256
Camino CDP,"1,871",2.6,728,,1600000US0610270
Cold Springs CDP,556,1.0,570,,1600000US0614450
Coloma CDP,521,3.4,155,,1600000US0614764
Diamond Springs CDP,"11,345",16.6,682,,1600000US0619220
El Dorado Hills CDP,"50,547",48.5,"1,043",,1600000US0621880
Georgetown CDP,"2,255",15.1,149,,1600000US0629350
Grizzly Flats CDP,"1,093",6.6,165,,1600000US0631302
Meyers CDP,"2,163",2.5,865,,1600000US0647206
Placerville city,"10,747",5.8,"1,840",,1600000US0657540
Pollock Pines CDP,"7,112",8.6,825,,1600000US0658030
Shingle Springs CDP,"4,660",8.2,568,,1600000US0671554
South Lake Tahoe city,"21,330",10.2,"2,094",,1600000US0673108
Tahoma CDP,672,1.3,525,,1550000US0677728017
Fresno County,"1,008,654","5,958.4",169,,0500000US06019
Auberry CDP,"3,238",46.4,70,,1600000US0603190
Big Creek CDP,151,0.5,328,,1600000US0606518
Biola CDP,"1,427",0.6,"2,205",,1600000US0606728
Bowles CDP,158,0.4,415,,1600000US0607750
Calwa CDP,"1,776",0.6,"3,129",,1600000US0610032
Cantua Creek CDP,500,3.8,132,,1600000US0610816
Caruthers CDP,"2,613",2.0,"1,292",,1600000US0611614
Centerville CDP,378,8.1,47,,1600000US0612412
Clovis city,"120,124",25.4,"4,727",,1600000US0614218
Coalinga city,"17,590",6.8,"2,569",,1600000US0614274
Del Rey CDP,"1,358",1.3,"1,017",,1600000US0618674
Easton CDP,"1,972",3.0,655,,1600000US0620928
Firebaugh city,"8,096",3.5,"2,302",,1600000US0624134
Fort Washington CDP,255,0.1,"2,056",,1600000US0625300
Fowler city,"6,700",2.5,"2,646",,1600000US0625436
Fresno city,"542,107",115.2,"4,707",,1600000US0627000
Friant CDP,446,1.3,357,,1600000US0627014
Huron city,"6,206",1.6,"3,878",,1600000US0636084
Kerman city,"16,016",3.3,"4,902",,1600000US0638226
Kingsburg city,"12,380",3.7,"3,331",,1600000US0638562
Lanare CDP,540,2.0,267,,1600000US0640116
Laton CDP,"1,622",2.5,642,,1600000US0640746
Malaga CDP,884,0.3,"3,227",,1600000US0645232
Mayfair CDP,"4,831",0.5,"9,319",,1600000US0646400
Mendota city,"12,595",3.4,"3,712",,1600000US0646828
Millerton CDP,686,2.0,350,,1600000US0647592
Minkler CDP,867,5.9,148,,1600000US0647822
Monmouth CDP,120,0.3,390,,1600000US0648592
Old Fig Garden CDP,"5,477",1.7,"3,285",,1600000US0653505
Orange Cove city,"9,649",1.8,"5,385",,1600000US0654008
Parlier city,"14,576",2.4,"6,051",,1600000US0655856
Raisin City CDP,303,0.8,399,,1600000US0659290
Reedley city,"25,227",5.5,"4,579",,1600000US0660242
Riverdale CDP,"3,477",3.9,886,,1600000US0661096
Sanger city,"26,617",5.8,"4,615",,1600000US0667056
San Joaquin city,"3,701",1.2,"3,091",,1600000US0667126
Selma city,"24,674",5.8,"4,249",,1600000US0670882
Shaver Lake CDP,580,32.3,18,,1600000US0671246
Squaw Valley CDP,"3,564",63.6,56,,1600000US0673794
Sunnyside CDP,"4,627",1.9,"2,419",,1600000US0675994
Tarpey Village CDP,"3,997",0.8,"5,066",,1600000US0677960
Three Rocks CDP,248,0.7,331,,1600000US0678652
Tranquillity CDP,805,0.6,"1,304",,1600000US0680266
West Park CDP,"1,053",1.8,588,,1600000US0684680
Westside CDP,143,2.2,65,,1600000US0684863
Glenn County,"28,917","1,314.0",22,,0500000US06021
Artois CDP,295,2.9,102,,1600000US0602910
Elk Creek CDP,138,1.5,94,,1600000US0622006
Hamilton City CDP,"2,263",0.4,"5,528",,1600000US0631890
Orland city,"8,298",3.0,"2,776",,1600000US0654274
Willows city,"6,293",2.8,"2,219",,1600000US0685684
Humboldt County,"136,463","3,568.2",38,,0500000US06023
Alderpoint CDP,137,2.4,56,,1600000US0600786
Arcata city,"18,857",9.4,"2,002",,1600000US0602476
Bayview CDP,"2,619",0.7,"3,579",,1600000US0604478
Benbow CDP,422,4.9,86,,1600000US0605262
Big Lagoon CDP,161,0.6,265,,1600000US0606567
Blue Lake city,"1,208",0.6,"2,035",,1600000US0607162
Cutten CDP,"3,223",1.3,"2,516",,1600000US0617722
Eureka city,"26,512",9.5,"2,780",,1600000US0623042
Fairhaven CDP,165,0.6,254,,1600000US0623196
Ferndale city,"1,398",1.2,"1,166",,1600000US0623910
Fieldbrook CDP,827,10.5,79,,1600000US0624008
Fields Landing CDP,287,0.3,"1,037",,1600000US0624022
Fortuna city,"12,516",5.2,"2,385",,1600000US0625296
Garberville CDP,818,2.7,305,,1600000US0628154
Hoopa CDP,"3,167",20.4,155,,1600000US0634540
Humboldt Hill CDP,"3,498",4.2,842,,1600000US0634928
Hydesville CDP,"1,244",7.5,166,,1600000US0636126
Indianola CDP,791,1.4,560,,1600000US0636420
Kep'el CDP,76,3.6,21,,1600000US0638177
Loleta CDP,828,2.1,390,,1600000US0642328
McKinleyville CDP,"16,262",20.9,779,,1600000US0644910
Manila CDP,798,0.7,"1,145",,1600000US0645414
Miranda CDP,441,1.5,295,,1600000US0648060
Myers Flat CDP,90,0.4,208,,1600000US0650146
Myrtletown CDP,"4,882",2.1,"2,326",,1600000US0650188
Orick CDP,328,4.7,69,,1600000US0654218
Phillipsville CDP,124,0.7,174,,1600000US0656854
Pine Hills CDP,"3,186",10.1,315,,1600000US0657204
Redcrest CDP,61,0.6,102,,1600000US0659906
Redway CDP,"1,247",1.3,997,,1600000US0660088
Rio Dell city,"3,379",2.3,"1,481",,1600000US0660900
Samoa CDP,229,0.8,274,,1600000US0664392
Scotia CDP,681,0.7,913,,1600000US0670518
Shelter Cove CDP,803,5.8,138,,1600000US0671372
Trinidad city,307,0.5,633,,1600000US0680448
Wautec CDP,48,2.3,21,,1600000US0683730
Weitchpec CDP,112,3.8,29,,1600000US0683906
Weott CDP,219,0.8,291,,1600000US0684004
Westhaven-Moonstone CDP,"1,187",8.1,147,,1600000US0684385
Willow Creek CDP,"1,720",30.3,57,,1600000US0685642
Imperial County,"179,702","4,175.5",43,,0500000US06025
Bombay Beach CDP,231,0.7,348,,1600000US0607372
Brawley city,"26,416",8.1,"3,254",,1600000US0608058
Calexico city,"38,633",8.6,"4,482",,1600000US0609710
Calipatria city,"6,515",3.7,"1,761",,1600000US0609878
Desert Shores CDP,"1,128",0.7,"1,615",,1600000US0619024
El Centro city,"44,322",11.8,"3,743",,1600000US0621782
El Centro Naval Air Facility CDP,280,4.2,67,,1600000US0621788
Heber CDP,"6,896",1.4,"4,803",,1600000US0633084
Holtville city,"5,605",1.2,"4,858",,1600000US0634246
Imperial city,"20,263",6.3,"3,221",,1600000US0636280
Niland CDP,756,0.4,"1,882",,1600000US0651392
Ocotillo CDP,215,8.9,24,,1600000US0653378
Palo Verde CDP,152,0.6,262,,1600000US0655422
Salton City CDP,"5,155",21.4,240,,1600000US0664294
Salton Sea Beach CDP,508,0.3,"1,686",,1600000US0664308
Seeley CDP,"1,729",1.4,"1,223",,1600000US0670798
Westmorland city,"2,014",0.6,"3,413",,1600000US0684606
Winterhaven CDP,390,0.2,"1,601",,1600000US0686020
Inyo County,"19,016","10,197.3",2,,0500000US06027
Big Pine CDP,"1,875",2.9,636,,1600000US0606616
Bishop city,"3,819",1.9,"2,049",,1600000US0606798
Cartago CDP,62,1.2,53,,1600000US0611600
Charleston View CDP,45,0.8,60,,1600000US0612730
Darwin CDP,36,1.3,27,,1600000US0618030
Dixon Lane-MeadowCreek CDP,"2,780",3.4,827,,1600000US0619406
Furnace Creek CDP,136,31.5,4,,1600000US0628021
Homewood Canyon CDP,40,10.2,4,,1600000US0634405
Independence CDP,593,4.9,122,,1600000US0636350
Keeler CDP,71,1.2,62,,1600000US0637918
Lone Pine CDP,"2,014",19.0,106,,1600000US0642580
Mesa CDP,275,3.5,79,,1600000US0647013
Olancha CDP,131,7.8,17,,1600000US0653490
Pearsonville CDP,8,4.1,2,,1600000US0656294
Round Valley CDP,482,14.0,34,,1600000US0663148
Shoshone CDP,22,28.7,1,,1600000US0671680
Tecopa CDP,120,18.6,6,,1600000US0678050
Trona CDP,11,9.3,1,,1600000US0680515
Valley Wells CDP,0,10.7,0,,1600000US0681925
West Bishop CDP,"2,754",8.8,314,,1600000US0684120
Wilkerson CDP,543,5.7,95,,1600000US0685551
Kern County,"909,235","8,134.6",112,,0500000US06029
Alta Sierra CDP,103,1.0,101,,1600000US0601358
Arvin city,"19,495",4.8,"4,045",,1600000US0602924
Bakersfield city,"403,455",149.8,"2,694",,1600000US0603526
Bakersfield Country Club CDP,"1,715",0.8,"2,263",,1600000US0603546
Bear Valley Springs CDP,"5,592",38.9,144,,1600000US0604734
Benton Park CDP,"5,333",0.7,"7,111",,1600000US0605356
Bodfish CDP,"2,008",8.2,244,,1600000US0607274
Boron CDP,"2,086",13.7,152,,1600000US0607568
Buttonwillow CDP,"1,337",6.9,193,,1600000US0609332
California City city,"14,973",203.6,74,,1600000US0609780
Casa Loma CDP,"1,804",0.4,"4,637",,1600000US0611696
Cherokee Strip CDP,206,0.1,"2,273",,1600000US0612860
China Lake Acres CDP,"1,757",5.2,337,,1600000US0613157
Choctaw Valley CDP,237,2.3,104,,1600000US0613278
Cottonwood CDP,"3,971",0.5,"8,575",,1600000US0616623
Delano city,"51,428",14.7,"3,495",,1600000US0618394
Derby Acres CDP,301,3.6,84,,1600000US0618926
Di Giorgio CDP,400,0.1,"4,681",,1600000US0619248
Dustin Acres CDP,677,3.7,184,,1600000US0620284
East Bakersfield CDP,"9,749",0.8,"12,386",,1600000US0620515
East Niles CDP,"28,390",5.5,"5,202",,1600000US0620903
Edison CDP,255,1.0,252,,1600000US0621544
Edmundson Acres CDP,296,0.1,"4,451",,1600000US0621558
Edwards AFB CDP,"2,135",17.1,125,,1600000US0621600
El Adobe CDP,391,1.0,390,,1600000US0621691
Fairfax CDP,"1,879",1.0,"1,973",,1600000US0623158
Fellows CDP,52,0.7,75,,1600000US0623812
Ford City CDP,"4,348",1.5,"2,833",,1600000US0624764
Frazier Park CDP,"2,592",5.2,497,,1600000US0625534
Fuller Acres CDP,917,0.8,"1,216",,1600000US0627190
Glennville CDP,158,1.9,84,,1600000US0630126
Golden Hills CDP,"9,578",10.9,878,,1600000US0630282
Goodmanville CDP,121,0.7,179,,1600000US0630412
Greenacres CDP,"5,496",1.9,"2,885",,1600000US0630938
Greenfield CDP,"3,447",1.3,"2,589",,1600000US0630987
Hillcrest CDP,"10,528",1.4,"7,638",,1600000US0633689
Inyokern CDP,988,10.9,90,,1600000US0636658
Johannesburg CDP,113,2.5,46,,1600000US0637400
Keene CDP,469,9.4,50,,1600000US0637946
Kernville CDP,"1,549",12.6,123,,1600000US0638310
La Cresta CDP,"8,787",1.0,"8,397",,1600000US0639052
Lake Isabella CDP,"3,573",21.7,165,,1600000US0639570
Lake of the Woods CDP,790,3.5,223,,1600000US0639696
Lakeside CDP,843,1.8,467,,1600000US0639759
Lamont CDP,"14,049",4.8,"2,936",,1600000US0640088
Lebec CDP,"1,239",15.3,81,,1600000US0640956
Lost Hills CDP,"2,370",5.6,427,,1600000US0644280
McFarland city,"14,161",2.7,"5,289",,1600000US0644826
McKittrick CDP,102,2.6,39,,1600000US0644924
Maricopa city,"1,026",1.6,655,,1600000US0645736
Mettler CDP,90,0.2,387,,1600000US0647164
Mexican Colony CDP,283,0.0,"8,905",,1600000US0647192
Mojave CDP,"4,699",58.4,80,,1600000US0648452
Mountain Meadows CDP,303,4.1,74,,1600000US0649592
Mountain Mesa CDP,823,0.9,949,,1600000US0649600
North Edwards CDP,"1,054",12.7,83,,1600000US0651812
Oildale CDP,"36,135",7.9,"4,569",,1600000US0653448
Olde Stockdale CDP,568,0.4,"1,395",,1600000US0653503
Old River CDP,123,1.0,125,,1600000US0653574
Old Stine CDP,"3,841",0.6,"6,227",,1600000US0653603
Onyx CDP,457,11.5,40,,1600000US0653910
Pine Mountain Club CDP,"2,422",16.9,144,,1600000US0657240
Potomac Park CDP,"9,164",1.4,"6,410",,1600000US0658471
Pumpkin Center CDP,421,0.5,902,,1600000US0658940
Randsburg CDP,45,1.9,24,,1600000US0659668
Rexland Acres CDP,"3,563",0.5,"6,856",,1600000US0660370
Ridgecrest city,"27,959",20.9,"1,340",,1600000US0660704
Ridgecrest Heights CDP,380,0.6,629,,1600000US0660705
Rivergrove CDP,195,0.7,296,,1600000US0661108
Rosamond CDP,"20,961",52.1,402,,1600000US0662826
Rosedale CDP,"18,639",29.3,637,,1600000US0662854
Shafter city,"19,953",38.7,516,,1600000US0671106
Smith Corner CDP,594,0.2,"2,705",,1600000US0672338
South Taft CDP,"2,100",1.1,"1,952",,1600000US0673388
Squirrel Mountain Valley CDP,760,1.8,422,,1600000US0673815
Stallion Springs CDP,"3,139",13.6,231,,1600000US0673868
Stebbins CDP,"1,423",1.0,"1,424",,1600000US0674021
Taft city,"8,546",15.3,560,,1600000US0677574
Taft Heights CDP,"1,999",0.3,"6,756",,1600000US0677588
Tarina CDP,18,4.5,4,,1600000US0677934
Tehachapi city,"12,939",10.3,"1,262",,1600000US0678092
Tupman CDP,177,0.5,335,,1600000US0680784
Valley Acres CDP,504,4.1,122,,1600000US0681722
Wasco city,"27,047",9.4,"2,881",,1600000US0683542
Weedpatch CDP,"2,206",3.6,620,,1600000US0683863
Weldon CDP,"2,303",26.7,86,,1600000US0683948
Wofford Heights CDP,"2,213",6.4,346,,1600000US0686174
Woody CDP,108,4.0,27,,1600000US0686496
Kings County,"152,486","1,391.0",110,,0500000US06031
Armona CDP,"4,274",2.1,"2,082",,1600000US0602700
Avenal city,"13,696",19.5,703,,1600000US0603302
Corcoran city,"22,339",7.5,"2,995",,1600000US0616224
Grangeville CDP,508,0.6,794,,1600000US0630686
Hanford city,"57,990",17.4,"3,332",,1600000US0631960
Hardwick CDP,151,0.1,"1,088",,1600000US0632156
Home Garden CDP,"1,653",0.4,"3,741",,1600000US0634281
Kettleman City CDP,"1,242",0.2,"5,885",,1600000US0638394
Lemoore city,"27,038",8.8,"3,068",,1600000US0641152
Lemoore Station CDP,"6,568",4.2,"1,551",,1600000US0641166
Stratford CDP,"1,121",0.7,"1,608",,1600000US0675252
Lake County,"68,163","1,256.6",54,,0500000US06033
Clearlake city,"16,685",10.1,"1,647",,1600000US0613945
Clearlake Oaks CDP,"2,551",2.0,"1,290",,1600000US0613966
Clearlake Riviera CDP,"3,410",5.3,645,,1600000US0613985
Cobb CDP,"1,295",5.0,260,,1600000US0614302
Hidden Valley Lake CDP,"6,235",9.8,635,,1600000US0633549
Kelseyville CDP,"3,382",2.9,"1,172",,1600000US0638044
Lakeport city,"5,026",3.1,"1,643",,1600000US0639710
Lower Lake CDP,"1,276",2.7,479,,1600000US0644350
Lucerne CDP,"3,266",5.4,608,,1600000US0644406
Middletown CDP,"1,114",1.8,604,,1600000US0647332
Nice CDP,"2,929",1.7,"1,696",,1600000US0651294
North Lakeport CDP,"3,547",3.8,934,,1600000US0651990
Soda Bay CDP,"1,163",1.3,905,,1600000US0672478
Spring Valley CDP,964,4.9,195,,1600000US0673690
Upper Lake CDP,"1,095",1.7,639,,1600000US0681358
Lassen County,"32,730","4,541.3",7,,0500000US06035
Bieber CDP,266,3.5,77,,1600000US0606336
Clear Creek CDP,175,1.1,154,,1600000US0613910
Doyle CDP,536,6.1,88,,1600000US0619878
Herlong CDP,237,1.7,142,,1600000US0633336
Janesville CDP,"2,461",33.8,73,,1600000US0637134
Johnstonville CDP,973,8.6,113,,1600000US0637484
Litchfield CDP,160,4.0,40,,1600000US0641782
Little Valley CDP,84,0.4,202,,1600000US0641908
Madeline CDP,21,0.1,397,,1600000US0645008
Milford CDP,147,5.3,28,,1600000US0647472
Nubieber CDP,19,0.7,25,,1600000US0652610
Patton Village CDP,632,3.5,181,,1600000US0656140
Spaulding CDP,206,3.3,62,,1600000US0673554
Stones Landing CDP,86,2.1,41,,1600000US0675122
Susanville city,"16,728",7.9,"2,113",,1600000US0677364
Westwood CDP,"1,541",5.6,277,,1600000US0684928
Los Angeles County,"10,014,009","4,059.3","2,467",,0500000US06037
Acton CDP,"7,431",39.3,189,,1600000US0600212
Agoura Hills city,"20,299",7.8,"2,604",,1600000US0600394
Agua Dulce CDP,"3,451",22.8,151,,1600000US0600450
Alhambra city,"82,868",7.6,"10,859",,1600000US0600884
Alondra Park CDP,"8,569",1.1,"7,756",,1600000US0601150
Altadena CDP,"42,846",8.5,"5,061",,1600000US0601290
Arcadia city,"56,681",10.9,"5,187",,1600000US0602462
Artesia city,"16,395",1.6,"10,117",,1600000US0602896
Avalon city,"3,460",2.9,"1,199",,1600000US0603274
Avocado Heights CDP,"13,317",2.3,"5,917",,1600000US0603344
Azusa city,"50,000",9.7,"5,175",,1600000US0603386
Baldwin Park city,"72,176",6.6,"10,883",,1600000US0603666
Bell city,"33,559",2.5,"13,380",,1600000US0604870
Bellflower city,"79,190",6.1,"12,945",,1600000US0604982
Bell Gardens city,"39,501",2.5,"16,064",,1600000US0604996
Beverly Hills city,"32,701",5.7,"5,729",,1600000US0606308
Bradbury city,921,2.0,469,,1600000US0607946
Burbank city,"107,337",17.3,"6,199",,1600000US0608954
Calabasas city,"23,241",13.7,"1,695",,1600000US0609598
Carson city,"95,558",18.7,"5,102",,1600000US0611530
Castaic CDP,"18,937",7.3,"2,608",,1600000US0611796
Cerritos city,"49,578",8.7,"5,681",,1600000US0612552
Charter Oak CDP,"9,739",0.9,"10,497",,1600000US0612734
Citrus CDP,"10,243",0.9,"11,692",,1600000US0613560
Claremont city,"37,266",13.3,"2,795",,1600000US0613756
Commerce city,"12,378",6.5,"1,895",,1600000US0614974
Compton city,"95,740",10.0,"9,546",,1600000US0615044
Covina city,"51,268",7.0,"7,287",,1600000US0616742
Cudahy city,"22,811",1.2,"19,393",,1600000US0617498
Culver City city,"40,779",5.1,"7,978",,1600000US0617568
Del Aire CDP,"10,338",1.0,"10,253",,1600000US0618352
Desert View Highlands CDP,"2,676",0.4,"6,068",,1600000US0619052
Diamond Bar city,"55,072",14.9,"3,703",,1600000US0619192
Downey city,"114,355",12.4,"9,216",,1600000US0619766
Duarte city,"21,727",6.7,"3,238",,1600000US0619990
East Los Angeles CDP,"118,786",7.5,"15,938",,1600000US0620802
East Pasadena CDP,"6,021",1.3,"4,571",,1600000US0620984
East Rancho Dominguez CDP,"15,114",0.8,"18,403",,1600000US0621034
East San Gabriel CDP,"22,769",2.2,"10,453",,1600000US0621096
East Whittier CDP,"10,394",1.1,"9,536",,1600000US0621292
Elizabeth Lake CDP,"1,651",6.2,266,,1600000US0621964
El Monte city,"109,450",9.6,"11,452",,1600000US0622230
El Segundo city,"17,272",5.5,"3,162",,1600000US0622412
Florence-Graham CDP,"61,983",3.5,"17,662",,1600000US0624477
Gardena city,"61,027",5.8,"10,469",,1600000US0628168
Glendale city,"196,543",30.5,"6,448",,1600000US0630000
Glendora city,"52,558",19.5,"2,694",,1600000US0630014
Green Valley CDP,"1,036",12.8,81,,1600000US0631092
Hacienda Heights CDP,"54,191",11.2,"4,859",,1600000US0631596
Hasley Canyon CDP,"1,195",5.7,208,,1600000US0632385
Hawaiian Gardens city,"14,149",0.9,"14,974",,1600000US0632506
Hawthorne city,"88,083",6.1,"14,470",,1600000US0632548
Hermosa Beach city,"19,728",1.4,"13,837",,1600000US0633364
Hidden Hills city,"1,725",1.7,"1,022",,1600000US0633518
Huntington Park city,"54,883",3.0,"18,247",,1600000US0636056
Industry city,264,11.8,22,,1600000US0636490
Inglewood city,"107,762",9.1,"11,885",,1600000US0636546
Irwindale city,"1,472",8.8,167,,1600000US0636826
La Cañada Flintridge city,"20,573",8.6,"2,384",,1600000US0639003
La Crescenta-Montrose CDP,"19,997",3.4,"5,833",,1600000US0639045
Ladera Heights CDP,"6,654",3.0,"2,244",,1600000US0639108
La Habra Heights city,"5,682",6.2,923,,1600000US0639304
Lake Hughes CDP,544,10.6,51,,1600000US0639556
Lake Los Angeles CDP,"13,187",9.7,"1,354",,1600000US0639612
Lakewood city,"82,496",9.4,"8,775",,1600000US0639892
La Mirada city,"48,008",7.8,"6,138",,1600000US0640032
Lancaster city,"173,516",94.3,"1,841",,1600000US0640130
La Puente city,"38,062",3.5,"10,941",,1600000US0640340
La Verne city,"31,334",8.4,"3,721",,1600000US0640830
Lawndale city,"31,807",2.0,"16,128",,1600000US0640886
Lennox CDP,"20,323",1.1,"18,587",,1600000US0641180
Leona Valley CDP,"1,555",18.6,84,,1600000US0641208
Littlerock CDP,"1,535",1.8,833,,1600000US0641880
Lomita city,"20,921",1.9,"10,940",,1600000US0642468
Long Beach city,"466,742",50.7,"9,204",,1600000US0643000
Los Angeles city,"3,898,747",469.5,"8,304",,1600000US0644000
Lynwood city,"67,265",4.8,"13,896",,1600000US0644574
Malibu city,"10,654",19.8,537,,1600000US0645246
Manhattan Beach city,"35,506",3.9,"9,025",,1600000US0645400
Marina del Rey CDP,"11,373",0.9,"13,260",,1600000US0645806
Mayflower Village CDP,"5,402",0.7,"7,873",,1600000US0646436
Maywood city,"25,138",1.2,"21,454",,1600000US0646492
Monrovia city,"37,931",13.6,"2,783",,1600000US0648648
Montebello city,"62,640",8.3,"7,522",,1600000US0648816
Monterey Park city,"61,096",7.7,"7,963",,1600000US0648914
North El Monte CDP,"3,730",0.4,"8,769",,1600000US0651820
Norwalk city,"102,773",9.7,"10,587",,1600000US0652526
Palmdale city,"169,450",106.1,"1,598",,1600000US0655156
Palos Verdes Estates city,"13,347",4.8,"2,795",,1600000US0655380
Paramount city,"53,733",4.7,"11,368",,1600000US0655618
Pasadena city,"138,699",23.0,"6,040",,1600000US0656000
Pepperdine University CDP,"2,747",0.5,"5,104",,1600000US0656598
Pico Rivera city,"62,088",8.3,"7,467",,1600000US0656924
Pomona city,"151,713",23.0,"6,601",,1600000US0658072
Quartz Hill CDP,"11,447",3.8,"3,043",,1600000US0659052
Rancho Palos Verdes city,"42,287",13.5,"3,139",,1600000US0659514
Redondo Beach city,"71,576",6.2,"11,536",,1600000US0660018
Rolling Hills city,"1,739",3.0,581,,1600000US0662602
Rolling Hills Estates city,"8,280",3.6,"2,315",,1600000US0662644
Rose Hills CDP,"2,927",0.4,"6,716",,1600000US0662860
Rosemead city,"51,185",5.2,"9,916",,1600000US0662896
Rowland Heights CDP,"48,231",13.1,"3,688",,1600000US0663218
San Dimas city,"34,924",15.0,"2,323",,1600000US0666070
San Fernando city,"23,946",2.4,"10,085",,1600000US0666140
San Gabriel city,"39,568",4.1,"9,549",,1600000US0667042
San Marino city,"12,513",3.8,"3,323",,1600000US0668224
San Pasqual CDP,"2,101",0.3,"8,249",,1600000US0668308
Santa Clarita city,"228,673",70.8,"3,232",,1600000US0669088
Santa Fe Springs city,"19,219",8.9,"2,169",,1600000US0669154
Santa Monica city,"93,076",8.4,"11,067",,1600000US0670000
Sierra Madre city,"11,268",3.0,"3,818",,1600000US0671806
Signal Hill city,"11,848",2.2,"5,411",,1600000US0671876
South El Monte city,"19,567",2.8,"6,881",,1600000US0672996
South Gate city,"92,726",7.2,"12,813",,1600000US0673080
South Monrovia Island CDP,"6,515",0.5,"11,887",,1600000US0673167
South Pasadena city,"26,943",3.4,"7,904",,1600000US0673220
South San Gabriel CDP,"7,920",0.8,"9,495",,1600000US0673276
South San Jose Hills CDP,"19,855",1.5,"13,258",,1600000US0673290
South Whittier CDP,"56,415",5.3,"10,569",,1600000US0673430
Stevenson Ranch CDP,"20,178",6.4,"3,147",,1600000US0674130
Sun Village CDP,"12,345",10.8,"1,143",,1600000US0677308
Temple City city,"36,494",4.0,"9,114",,1600000US0678148
Topanga CDP,"8,560",19.1,448,,1600000US0678960
Torrance city,"147,067",20.5,"7,168",,1600000US0680000
Valinda CDP,"22,437",2.0,"11,147",,1600000US0681638
Val Verde CDP,"2,399",2.6,935,,1600000US0681967
Vernon city,222,5.0,45,,1600000US0682422
View Park-Windsor Hills CDP,"11,419",1.8,"6,202",,1600000US0682667
Vincent CDP,"15,714",1.5,"10,669",,1600000US0682815
Walnut city,"28,430",9.0,"3,163",,1600000US0683332
Walnut Park CDP,"15,214",0.7,"20,301",,1600000US0683402
West Athens CDP,"9,393",1.3,"7,026",,1600000US0684116
West Carson CDP,"22,870",2.3,"10,093",,1600000US0684144
West Covina city,"109,501",16.0,"6,828",,1600000US0684200
West Hollywood city,"35,757",1.9,"18,944",,1600000US0684410
Westlake Village city,"8,029",5.2,"1,548",,1600000US0684438
Westmont CDP,"33,913",1.8,"18,360",,1600000US0684592
West Puente Valley CDP,"22,959",1.9,"12,281",,1600000US0684774
West Rancho Dominguez CDP,"24,347",4.0,"6,127",,1600000US0684780
West Whittier-Los Nietos CDP,"25,325",2.5,"10,048",,1600000US0684921
Whittier city,"87,306",14.6,"5,960",,1600000US0685292
Willowbrook CDP,"24,295",1.7,"14,492",,1600000US0685614
Madera County,"156,255","2,136.9",73,,0500000US06039
Ahwahnee CDP,"2,296",11.5,199,,1600000US0600478
Bass Lake CDP,575,1.9,305,,1600000US0604198
Bonadelle Ranchos CDP,"5,497",9.0,610,,1600000US0607378
Chowchilla city,"19,039",11.1,"1,717",,1600000US0613294
Coarsegold CDP,"4,144",17.2,241,,1600000US0614288
Fairmead CDP,"1,235",7.7,160,,1600000US0623210
La Vina CDP,637,0.1,"6,324",,1600000US0640872
Madera city,"66,224",16.5,"4,020",,1600000US0645022
Madera Acres CDP,"9,162",7.3,"1,258",,1600000US0645050
Madera Ranchos CDP,"3,623",2.6,"1,391",,1600000US0645054
Nipinnawasee CDP,434,3.1,141,,1600000US0651470
North Fork CDP,"3,250",32.2,101,,1600000US0651868
Oakhurst CDP,"5,945",33.4,178,,1600000US0652764
Parksdale CDP,"3,234",1.7,"1,861",,1600000US0655751
Parkwood CDP,"2,307",0.7,"3,312",,1600000US0655842
Rolling Hills CDP,793,0.6,"1,320",,1600000US0662625
Yosemite Lakes CDP,"5,022",20.9,240,,1600000US0686878
Marin County,"262,321",520.4,504,,0500000US06041
Alto CDP,732,0.1,"5,821",,1600000US0601416
Belvedere city,"2,126",0.5,"4,093",,1600000US0605164
Black Point-Green Point CDP,"1,431",2.8,506,,1600000US0606982
Bolinas CDP,"1,483",5.8,255,,1600000US0607316
Corte Madera town,"10,222",3.2,"3,235",,1600000US0616462
Dillon Beach CDP,246,3.0,82,,1600000US0619262
Fairfax town,"7,605",2.2,"3,413",,1600000US0623168
Inverness CDP,"1,379",6.4,215,,1600000US0636616
Kentfield CDP,"6,808",3.0,"2,249",,1600000US0638114
Lagunitas-Forest Knolls CDP,"1,924",4.2,453,,1600000US0639283
Larkspur city,"13,064",3.0,"4,356",,1600000US0640438
Lucas Valley-Marinwood CDP,"6,259",5.7,"1,092",,1600000US0644399
Marin City CDP,"2,993",0.5,"5,576",,1600000US0645820
Mill Valley city,"14,231",4.8,"2,976",,1600000US0647710
Muir Beach CDP,304,0.5,617,,1600000US0649950
Nicasio CDP,81,1.3,62,,1600000US0651280
Novato city,"53,225",27.5,"1,937",,1600000US0652582
Point Reyes Station CDP,895,3.6,248,,1600000US0657960
Ross town,"2,338",1.6,"1,500",,1600000US0662980
San Anselmo town,"12,830",2.7,"4,796",,1600000US0664434
San Geronimo CDP,510,1.5,338,,1600000US0667070
San Rafael city,"61,271",16.6,"3,694",,1600000US0668364
Santa Venetia CDP,"4,289",3.7,"1,171",,1600000US0670154
Sausalito city,"7,269",1.8,"4,121",,1600000US0670364
Sleepy Hollow CDP,"2,401",3.0,810,,1600000US0672184
Stinson Beach CDP,541,0.9,606,,1600000US0674172
Strawberry CDP,"5,447",1.3,"4,094",,1600000US0675315
Tamalpais-Homestead Valley CDP,"11,492",4.7,"2,453",,1600000US0677805
Tiburon town,"9,146",4.5,"2,041",,1600000US0678666
Tomales CDP,187,0.3,564,,1600000US0678890
Woodacre CDP,"1,410",1.8,785,,1600000US0686216
Mariposa County,"17,131","1,448.8",12,,0500000US06043
Bear Valley CDP,156,2.4,64,,1600000US0604730
Bootjack CDP,661,3.8,172,,1600000US0607525
Buck Meadows CDP,21,0.5,39,,1600000US0608716
Catheys Valley CDP,829,23.6,35,,1600000US0612062
Coulterville CDP,115,0.4,296,,1600000US0616644
Crane Creek CDP,29,0.4,78,,1600000US0616886
El Portal CDP,372,1.9,200,,1600000US0622328
Fish Camp CDP,49,0.4,122,,1600000US0624218
Greeley Hill CDP,927,23.9,39,,1600000US0630900
Hornitos CDP,38,1.2,33,,1600000US0634708
Lake Don Pedro CDP,"1,765",18.4,96,,1600000US0639484
Mariposa CDP,"1,526",4.0,378,,1600000US0645932
Midpines CDP,379,4.4,87,,1600000US0647374
Mt. Bullion CDP,154,0.6,252,,1600000US0649726
Wawona CDP,111,1.1,103,,1600000US0683766
Yosemite Valley CDP,337,2.1,164,,1600000US0686912
Yosemite West CDP,47,0.3,172,,1600000US0686916
Mendocino County,"91,601","3,506.8",26,,0500000US06045
Albion CDP,153,1.8,84,,1600000US0600716
Anchor Bay CDP,473,3.5,135,,1600000US0602028
Boonville CDP,"1,018",5.5,184,,1600000US0607512
Brooktrails CDP,"3,632",7.3,499,,1600000US0608530
Calpella CDP,799,2.5,314,,1600000US0609990
Caspar CDP,500,3.0,167,,1600000US0611768
Cleone CDP,622,1.6,390,,1600000US0614008
Comptche CDP,167,1.2,145,,1600000US0615030
Covelo CDP,"1,394",7.1,196,,1600000US0616728
Fort Bragg city,"6,983",2.9,"2,409",,1600000US0625058
Hopland CDP,661,3.5,188,,1600000US0634652
Laytonville CDP,"1,152",5.4,215,,1600000US0640928
Leggett CDP,77,2.7,28,,1600000US0641026
Little River CDP,94,1.7,56,,1600000US0641866
Manchester CDP,159,2.6,61,,1600000US0645386
Mendocino CDP,932,2.3,413,,1600000US0646814
Philo CDP,319,2.1,154,,1600000US0656868
Point Arena city,460,1.4,337,,1600000US0657876
Potter Valley CDP,665,4.0,165,,1600000US0658506
Redwood Valley CDP,"1,843",2.7,671,,1600000US0660214
Talmage CDP,986,1.6,620,,1600000US0677784
Ukiah city,"16,607",4.8,"3,471",,1600000US0681134
Willits city,"4,988",2.8,"1,771",,1600000US0685600
Merced County,"281,202","1,938.0",145,,0500000US06047
Atwater city,"31,970",6.6,"4,868",,1600000US0603162
Ballico CDP,347,3.0,115,,1600000US0603708
Bear Creek CDP,273,0.1,"4,764",,1600000US0604632
Cressey CDP,366,1.8,208,,1600000US0617078
Delhi CDP,"10,656",3.5,"3,035",,1600000US0618464
Dos Palos city,"5,798",1.3,"4,297",,1600000US0619612
Dos Palos Y CDP,310,1.6,198,,1600000US0619654
El Nido CDP,331,3.3,101,,1600000US0622286
Franklin CDP,"6,919",2.0,"3,416",,1600000US0625488
Gustine city,"6,110",1.6,"3,939",,1600000US0631568
Hilmar-Irwin CDP,"5,164",3.9,"1,315",,1600000US0633861
Le Grand CDP,"1,592",1.1,"1,396",,1600000US0641040
Livingston city,"14,172",3.7,"3,856",,1600000US0642006
Los Banos city,"45,532",10.0,"4,556",,1600000US0644028
McSwain CDP,"4,480",6.0,743,,1600000US0645006
Merced city,"86,333",23.3,"3,713",,1600000US0646898
Planada CDP,"4,164",1.7,"2,390",,1600000US0657582
Santa Nella CDP,"2,211",4.7,472,,1600000US0670028
Snelling CDP,238,0.5,440,,1600000US0672408
South Dos Palos CDP,"1,747",1.5,"1,136",,1600000US0672954
Stevinson CDP,275,1.1,243,,1600000US0674144
Tuttle CDP,102,1.8,58,,1600000US0680882
University of California-Merced CDP,0,0.7,0,,1600000US0681312
Volta CDP,366,4.4,84,,1600000US0683108
Winton CDP,"11,709",3.0,"3,851",,1600000US0686076
Modoc County,"8,700","3,948.2",2,,0500000US06049
Adin CDP,205,2.9,70,,1600000US0600310
Alturas city,"2,715",2.8,957,,1600000US0601444
California Pines CDP,473,7.4,64,,1600000US0609834
Canby CDP,183,2.3,80,,1600000US0610732
Cedarville CDP,437,5.4,80,,1600000US0612328
Daphnedale Park CDP,129,0.8,156,,1600000US0617995
Eagleville CDP,45,1.0,46,,1600000US0620424
Fort Bidwell CDP,180,3.2,56,,1600000US0625030
Lake City CDP,71,5.8,12,,1600000US0639472
Likely CDP,58,1.3,44,,1600000US0641390
Lookout CDP,68,5.5,12,,1600000US0643126
Newell CDP,301,2.4,125,,1600000US0651042
New Pine Creek CDP,87,2.3,38,,1600000US0651168
Mono County,"13,195","3,048.9",4,,0500000US06051
Aspen Springs CDP,70,3.6,20,,1600000US0603026
Benton CDP,279,28.5,10,,1600000US0605346
Bridgeport CDP,553,21.7,25,,1600000US0608240
Chalfant CDP,660,28.0,24,,1600000US0612594
Coleville CDP,419,19.3,22,,1600000US0614484
Crowley Lake CDP,980,2.9,340,,1600000US0617372
June Lake CDP,611,10.3,59,,1600000US0637624
Lee Vining CDP,217,5.2,42,,1600000US0640998
McGee Creek CDP,45,4.0,11,,1600000US0644830
Mammoth Lakes town,"7,191",24.9,289,,1600000US0645358
Mono City CDP,224,7.8,29,,1600000US0648602
Paradise CDP,174,4.4,40,,1600000US0655528
Sunny Slopes CDP,139,1.9,74,,1600000US0676040
Swall Meadows CDP,178,4.5,40,,1600000US0677430
Topaz CDP,150,12.2,12,,1600000US0679030
Twin Lakes CDP,45,4.2,11,,1600000US0681048
Virginia Lakes CDP,7,1.4,5,,1600000US0682929
Walker CDP,704,12.2,58,,1600000US0683262
Monterey County,"439,035","3,281.7",134,,0500000US06053
Aromas CDP,"1,365",2.1,659,,1550000US0602812053
Boronda CDP,"1,760",0.6,"3,067",,1600000US0607578
Bradley CDP,69,0.1,802,,1600000US0607974
Carmel-by-the-Sea city,"3,220",1.1,"3,034",,1600000US0611250
Carmel Valley Village CDP,"4,524",19.0,238,,1600000US0611324
Castroville CDP,"7,515",1.0,"7,355",,1600000US0611978
Chualar CDP,"1,185",0.6,"1,893",,1600000US0613364
Del Monte Forest CDP,"4,204",8.0,524,,1600000US0618590
Del Rey Oaks city,"1,592",1.1,"1,510",,1600000US0618688
Elkhorn CDP,"1,588",4.8,331,,1600000US0622034
Fort Hunter Liggett CDP,250,2.8,90,,1600000US0625093
Gonzales city,"8,647",1.9,"4,519",,1600000US0630392
Greenfield city,"18,937",2.9,"6,498",,1600000US0630994
King City city,"13,332",3.8,"3,511",,1600000US0638520
Las Lomas CDP,"3,046",1.0,"2,937",,1600000US0640592
Lockwood CDP,368,10.9,34,,1600000US0642146
Marina city,"22,359",8.9,"2,510",,1600000US0645778
Monterey city,"30,218",8.6,"3,495",,1600000US0648872
Moss Landing CDP,237,0.4,596,,1600000US0649488
Pacific Grove city,"15,090",2.9,"5,266",,1600000US0654848
Pajaro CDP,"2,882",0.9,"3,109",,1600000US0655044
Pine Canyon CDP,"1,871",3.3,561,,1600000US0657070
Prunedale CDP,"18,885",46.1,410,,1600000US0658870
Salinas city,"163,542",23.5,"6,955",,1600000US0664224
San Ardo CDP,392,0.4,872,,1600000US0664476
Sand City city,325,0.5,594,,1600000US0665112
San Lucas CDP,324,0.4,822,,1600000US0668140
Seaside city,"32,366",8.9,"3,627",,1600000US0670742
Soledad city,"24,925",4.5,"5,588",,1600000US0672520
Spreckels CDP,692,0.1,"5,665",,1600000US0673612
Napa County,"138,019",748.3,184,,0500000US06055
American Canyon city,"21,837",6.1,"3,588",,1600000US0601640
Angwin CDP,"2,633",4.8,545,,1600000US0602168
Calistoga city,"5,228",2.6,"2,029",,1600000US0609892
Deer Park CDP,"1,294",5.6,230,,1600000US0618324
Moskowite Corner CDP,237,2.8,84,,1600000US0649432
Napa city,"79,246",18.0,"4,391",,1600000US0650258
Oakville CDP,49,1.4,36,,1600000US0653196
Rutherford CDP,115,1.7,68,,1600000US0663400
St. Helena city,"5,430",5.0,"1,096",,1600000US0664140
Silverado Resort CDP,948,1.9,501,,1600000US0671927
Yountville city,"3,436",1.5,"2,310",,1600000US0686930
Nevada County,"102,241",957.8,107,,0500000US06057
Alta Sierra CDP,"7,204",8.3,866,,1600000US0601360
Floriston CDP,80,0.9,84,,1600000US0624526
Graniteville CDP,1,1.5,1,,1600000US0630714
Grass Valley city,"14,016",5.2,"2,670",,1600000US0630798
Kingvale CDP,126,0.9,144,,1550000US0638604057
Lake of the Pines CDP,"4,301",2.5,"1,702",,1600000US0639690
Lake Wildwood CDP,"5,158",3.1,"1,687",,1600000US0639885
Nevada City city,"3,152",2.2,"1,442",,1600000US0650874
North San Juan CDP,245,2.4,101,,1600000US0652246
Penn Valley CDP,"1,593",2.1,751,,1600000US0656518
Rough and Ready CDP,905,3.2,285,,1600000US0663106
Soda Springs CDP,94,0.3,279,,1600000US0672492
Truckee town,"16,729",32.3,517,,1600000US0680588
Washington CDP,101,1.9,53,,1600000US0683570
Orange County,"3,186,989",792.8,"4,020",,0500000US06059
Aliso Viejo city,"52,176",6.9,"7,534",,1600000US0600947
Anaheim city,"346,824",50.3,"6,899",,1600000US0602000
Brea city,"47,325",12.2,"3,889",,1600000US0608100
Buena Park city,"84,034",10.5,"7,981",,1600000US0608786
Costa Mesa city,"111,918",15.8,"7,081",,1600000US0616532
Coto de Caza CDP,"14,710",7.8,"1,886",,1600000US0616580
Cypress city,"50,151",6.6,"7,584",,1600000US0617750
Dana Point city,"33,107",6.5,"5,103",,1600000US0617946
Fountain Valley city,"57,047",9.1,"6,289",,1600000US0625380
Fullerton city,"143,617",22.4,"6,406",,1600000US0628000
Garden Grove city,"171,949",18.0,"9,576",,1600000US0629000
Huntington Beach city,"198,711",27.0,"7,360",,1600000US0636000
Irvine city,"307,670",65.6,"4,689",,1600000US0636770
Ladera Ranch CDP,"26,170",4.9,"5,292",,1600000US0639114
Laguna Beach city,"23,032",8.9,"2,589",,1600000US0639178
Laguna Hills city,"31,374",6.5,"4,791",,1600000US0639220
Laguna Niguel city,"64,355",14.7,"4,367",,1600000US0639248
Laguna Woods city,"17,644",3.3,"5,280",,1600000US0639259
La Habra city,"63,097",7.6,"8,347",,1600000US0639290
Lake Forest city,"85,858",16.7,"5,137",,1600000US0639496
La Palma city,"15,581",1.8,"8,751",,1600000US0640256
Las Flores CDP,"5,995",2.6,"2,350",,1600000US0640526
Los Alamitos city,"11,780",4.0,"2,938",,1600000US0643224
Midway City CDP,"8,825",0.6,"14,478",,1600000US0647430
Mission Viejo city,"93,653",17.7,"5,303",,1600000US0648256
Modjeska CDP,632,2.0,315,,1600000US0648410
Newport Beach city,"85,239",23.8,"3,582",,1600000US0651182
North Tustin CDP,"25,718",6.6,"3,908",,1600000US0652379
Orange city,"139,911",25.7,"5,451",,1600000US0653980
Placentia city,"51,824",6.6,"7,838",,1600000US0657526
Rancho Mission Viejo CDP,"10,378",37.8,275,,1600000US0659503
Rancho Santa Margarita city,"47,949",12.9,"3,718",,1600000US0659587
Rossmoor CDP,"10,625",1.6,"6,813",,1600000US0663050
San Clemente city,"64,293",18.4,"3,502",,1600000US0665084
San Juan Capistrano city,"35,196",14.4,"2,439",,1600000US0668028
Santa Ana city,"310,227",27.3,"11,348",,1600000US0669000
Seal Beach city,"25,242",11.3,"2,240",,1600000US0670686
Silverado CDP,932,5.7,163,,1600000US0671918
Stanton city,"37,962",3.1,"12,242",,1600000US0673962
Trabuco Canyon CDP,"1,020",7.3,140,,1600000US0680210
Tustin city,"80,276",11.2,"7,193",,1600000US0680854
Villa Park city,"5,843",2.1,"2,813",,1600000US0682744
Westminster city,"90,911",10.0,"9,056",,1600000US0684550
Williams Canyon CDP,93,0.6,164,,1600000US0685587
Yorba Linda city,"68,336",20.0,"3,425",,1600000US0686832
Placer County,"404,739","1,407.1",288,,0500000US06061
Alta CDP,615,2.4,258,,1600000US0601276
Auburn city,"13,776",7.2,"1,919",,1600000US0603204
Carnelian Bay CDP,518,1.3,399,,1600000US0611418
Cedar Flat CDP,797,1.1,738,,1600000US0612216
Colfax city,"1,995",1.4,"1,419",,1600000US0614498
Dollar Point CDP,"1,261",1.6,771,,1600000US0619455
Dutch Flat CDP,183,0.6,309,,1600000US0620298
Foresthill CDP,"1,692",11.2,151,,1600000US0624834
Granite Bay CDP,"21,247",21.5,986,,1600000US0630693
Kings Beach CDP,"3,563",2.9,"1,246",,1600000US0638548
Kingvale CDP,2,0.1,23,,1550000US0638604061
Lincoln city,"49,757",24.2,"2,059",,1600000US0641474
Loomis town,"6,836",7.3,941,,1600000US0643140
Meadow Vista CDP,"3,263",5.3,618,,1600000US0646632
Newcastle CDP,"1,321",2.4,552,,1600000US0651000
North Auburn CDP,"13,452",7.8,"1,727",,1600000US0651637
Penryn CDP,"1,150",1.9,604,,1600000US0656546
Rocklin city,"71,601",19.8,"3,614",,1600000US0662364
Roseville city,"147,773",44.1,"3,353",,1600000US0662938
Sheridan CDP,"1,385",25.5,54,,1600000US0671414
Sunnyside-Tahoe City CDP,"1,555",3.5,447,,1600000US0676015
Tahoe Vista CDP,"1,392",2.7,513,,1600000US0677700
Tahoma CDP,362,1.3,275,,1550000US0677728061
Plumas County,"19,790","2,553.1",8,,0500000US06063
Almanor CDP,3,0.9,3,,1600000US0601094
Beckwourth CDP,478,11.7,41,,1600000US0604772
Belden CDP,15,0.6,25,,1600000US0604856
Blairsden CDP,38,0.5,70,,1600000US0606994
Bucks Lake CDP,22,10.3,2,,1600000US0608744
Canyondam CDP,30,0.8,39,,1600000US0610914
Caribou CDP,1,0.2,6,,1600000US0611166
Chester CDP,"2,187",7.3,300,,1600000US0612930
Chilcoot-Vinton CDP,446,13.2,34,,1600000US0613077
Clio CDP,77,0.6,132,,1600000US0614106
Crescent Mills CDP,206,4.2,49,,1600000US0617050
C-Road CDP,140,2.7,53,,1600000US0617267
Cromberg CDP,272,9.0,30,,1600000US0617288
Delleker CDP,802,2.8,290,,1600000US0618485
East Quincy CDP,"2,463",12.1,203,,1600000US0621026
East Shore CDP,181,1.2,153,,1600000US0621138
Gold Mountain CDP,73,6.1,12,,1600000US0630339
Graeagle CDP,724,11.1,65,,1600000US0630560
Greenhorn CDP,247,6.7,37,,1600000US0631029
Greenville CDP,"1,026",8.0,128,,1600000US0631162
Hamilton Branch CDP,505,1.1,465,,1600000US0631883
Indian Falls CDP,79,1.8,43,,1600000US0636364
Iron Horse CDP,269,7.7,35,,1600000US0636735
Johnsville CDP,22,13.8,2,,1600000US0637512
Keddie CDP,51,0.7,78,,1600000US0637904
Lake Almanor Country Club CDP,451,2.7,164,,1600000US0639411
Lake Almanor Peninsula CDP,366,3.0,121,,1600000US0639420
Lake Almanor West CDP,211,2.3,92,,1600000US0639425
Lake Davis CDP,72,5.4,13,,1600000US0639483
La Porte CDP,65,4.5,15,,1600000US0640312
Little Grass Valley CDP,25,10.0,3,,1600000US0641789
Mabie CDP,181,3.6,50,,1600000US0644672
Meadow Valley CDP,453,8.5,53,,1600000US0646618
Mohawk Vista CDP,107,12.0,9,,1600000US0648448
Paxton CDP,0,0.3,0,,1600000US0656182
Plumas Eureka CDP,334,4.0,84,,1600000US0657828
Portola city,"2,100",5.4,388,,1600000US0658352
Prattville CDP,24,0.6,40,,1600000US0658618
Quincy CDP,"1,630",4.2,386,,1600000US0659080
Spring Garden CDP,19,0.7,29,,1600000US0673654
Taylorsville CDP,123,3.2,38,,1600000US0678008
Tobin CDP,19,5.2,4,,1600000US0678792
Twain CDP,75,7.2,10,,1600000US0680952
Valley Ranch CDP,128,1.1,113,,1600000US0681869
Warner Valley CDP,8,17.4,0,,1600000US0683494
Whitehawk CDP,144,2.6,56,,1600000US0685086
Riverside County,"2,418,185","7,209.3",335,,0500000US06065
Aguanga CDP,989,13.6,73,,1600000US0600464
Anza CDP,"3,075",27.6,111,,1600000US0602294
Banning city,"29,505",23.2,"1,270",,1600000US0603820
Beaumont city,"53,036",30.3,"1,749",,1600000US0604758
Bermuda Dunes CDP,"8,244",2.9,"2,797",,1600000US0606028
Blythe city,"18,317",26.6,689,,1600000US0607218
Cabazon CDP,"2,629",4.9,537,,1600000US0609360
Calimesa city,"10,026",14.9,675,,1600000US0609864
Canyon Lake city,"11,082",3.9,"2,828",,1600000US0610928
Cathedral City city,"51,493",22.5,"2,289",,1600000US0612048
Cherry Valley CDP,"6,509",8.0,812,,1600000US0612916
Coachella city,"41,941",30.1,"1,395",,1600000US0614260
Corona city,"157,136",39.9,"3,934",,1600000US0616350
Coronita CDP,"2,639",0.6,"4,382",,1600000US0616420
Desert Center CDP,256,30.4,8,,1600000US0618982
Desert Edge CDP,"4,180",2.3,"1,843",,1600000US0618986
Desert Hot Springs city,"32,512",30.3,"1,074",,1600000US0618996
Desert Palms CDP,"6,686",2.7,"2,503",,1600000US0619022
East Hemet CDP,"19,432",5.2,"3,741",,1600000US0620697
Eastvale city,"69,757",12.7,"5,504",,1600000US0621230
El Cerrito CDP,"5,058",2.6,"1,938",,1600000US0621810
El Sobrante CDP,"14,039",7.2,"1,942",,1600000US0622457
French Valley CDP,"35,280",10.9,"3,245",,1600000US0626067
Garnet CDP,"7,118",7.9,903,,1600000US0629112
Good Hope CDP,"9,468",11.2,843,,1600000US0630410
Green Acres CDP,"2,918",1.4,"2,084",,1600000US0630944
Hemet city,"89,833",29.3,"3,068",,1600000US0633182
Highgrove CDP,"7,515",3.2,"2,334",,1600000US0633574
Home Gardens CDP,"11,203",1.5,"7,421",,1600000US0634302
Homeland CDP,"6,772",4.3,"1,586",,1600000US0634316
Idyllwild-Pine Cove CDP,"4,163",13.7,303,,1600000US0636203
Indian Wells city,"4,757",14.3,332,,1600000US0636434
Indio city,"89,137",33.2,"2,683",,1600000US0636448
Indio Hills CDP,"1,048",21.9,48,,1600000US0636452
Jurupa Valley city,"105,053",42.9,"2,446",,1600000US0637692
Lake Elsinore city,"70,265",38.2,"1,838",,1600000US0639486
Lakeland Village CDP,"12,364",8.8,"1,409",,1600000US0639598
Lake Mathews CDP,"5,972",15.9,375,,1600000US0639645
Lake Riverside CDP,"1,375",7.3,189,,1600000US0639715
Lakeview CDP,"1,977",3.3,606,,1600000US0639836
La Quinta city,"37,558",35.3,"1,065",,1600000US0640354
March ARB CDP,809,11.9,68,,1600000US0645680
Meadowbrook CDP,"3,142",6.7,468,,1600000US0646520
Mead Valley CDP,"19,819",19.1,"1,039",,1600000US0646646
Mecca CDP,"8,219",7.0,"1,181",,1600000US0646660
Menifee city,"102,527",46.5,"2,206",,1600000US0646842
Mesa Verde CDP,766,4.3,178,,1600000US0647066
Moreno Valley city,"208,634",51.3,"4,065",,1600000US0649270
Mountain Center CDP,66,1.9,35,,1600000US0649544
Murrieta city,"110,949",33.6,"3,301",,1600000US0650076
Norco city,"26,316",13.9,"1,899",,1600000US0651560
North Shore CDP,"3,585",11.2,321,,1600000US0652302
Nuevo CDP,"6,733",6.8,994,,1600000US0652624
Oasis CDP,"4,468",19.6,228,,1600000US0653224
Palm Desert city,"51,163",26.8,"1,908",,1600000US0655184
Palm Springs city,"44,575",94.5,471,,1600000US0655254
Perris city,"78,700",31.5,"2,496",,1600000US0656700
Rancho Mirage city,"16,999",25.4,670,,1600000US0659500
Ripley CDP,538,1.7,316,,1600000US0661012
Riverside city,"314,998",81.2,"3,878",,1600000US0662000
Romoland CDP,"2,005",2.6,758,,1600000US0662756
Sage CDP,"3,370",68.3,49,,1600000US0664056
San Jacinto city,"53,898",26.0,"2,076",,1600000US0667112
Sky Valley CDP,"2,411",24.3,99,,1600000US0672156
Temecula city,"110,003",37.3,"2,952",,1600000US0678120
Temescal Valley CDP,"26,232",19.3,"1,356",,1600000US0678138
Thermal CDP,"2,676",9.4,285,,1600000US0678456
Thousand Palms CDP,"7,967",23.6,337,,1600000US0678596
Valle Vista CDP,"16,194",6.9,"2,360",,1600000US0681708
Vista Santa Rosa CDP,"2,607",16.1,162,,1600000US0683085
Warm Springs CDP,"1,586",1.4,"1,122",,1600000US0683460
Whitewater CDP,984,9.9,100,,1600000US0685208
Wildomar city,"36,875",23.7,"1,556",,1600000US0685446
Winchester CDP,"3,068",8.0,383,,1600000US0685894
Woodcrest CDP,"15,378",11.4,"1,352",,1600000US0686244
Sacramento County,"1,585,055",965.3,"1,642",,0500000US06067
Antelope CDP,"48,733",6.8,"7,129",,1600000US0602210
Arden-Arcade CDP,"94,659",15.9,"5,953",,1600000US0602553
Carmichael CDP,"79,793",15.3,"5,204",,1600000US0611390
Citrus Heights city,"87,583",14.2,"6,161",,1600000US0613588
Clay CDP,"1,252",6.8,185,,1600000US0613854
Courtland CDP,326,1.8,181,,1600000US0616714
Elk Grove city,"176,124",42.0,"4,194",,1600000US0622020
Elverta CDP,"5,435",8.8,615,,1600000US0622524
Fair Oaks CDP,"32,514",10.9,"2,989",,1600000US0623294
Florin CDP,"52,388",8.7,"6,012",,1600000US0624498
Folsom city,"80,454",27.9,"2,886",,1600000US0624638
Foothill Farms CDP,"35,834",4.2,"8,531",,1600000US0624722
Franklin CDP,167,2.1,79,,1600000US0625506
Freeport CDP,58,0.1,"1,142",,1600000US0625590
Fruitridge Pocket CDP,"6,102",0.6,"10,315",,1600000US0627130
Galt city,"25,383",7.1,"3,552",,1600000US0628112
Gold River CDP,"7,844",2.7,"2,951",,1600000US0630345
Herald CDP,"1,160",7.9,147,,1600000US0633294
Hood CDP,244,0.3,774,,1600000US0634484
Isleton city,794,0.4,"1,806",,1600000US0636882
La Riviera CDP,"11,252",1.9,"5,923",,1600000US0640410
Lemon Hill CDP,"14,496",1.6,"8,839",,1600000US0641142
McClellan Park CDP,926,4.1,228,,1600000US0644760
Mather CDP,"4,698",10.0,469,,1600000US0646226
North Highlands CDP,"49,327",8.8,"5,598",,1600000US0651924
Orangevale CDP,"35,569",11.5,"3,106",,1600000US0654092
Parkway CDP,"15,962",2.4,"6,625",,1600000US0655800
Rancho Cordova city,"79,332",34.6,"2,295",,1600000US0659444
Rancho Murieta CDP,"5,903",11.9,497,,1600000US0659506
Rio Linda CDP,"15,944",9.9,"1,606",,1600000US0660942
Rosemont CDP,"23,510",4.4,"5,360",,1600000US0662910
Sacramento city,"524,943",98.6,"5,323",,1600000US0664000
Vineyard CDP,"43,935",18.7,"2,343",,1600000US0682852
Walnut Grove CDP,"1,452",10.2,142,,1600000US0683374
Wilton CDP,"5,958",29.0,205,,1600000US0685880
San Benito County,"64,209","1,388.7",46,,0500000US06069
Aromas CDP,"1,343",2.7,504,,1550000US0602812069
Hollister city,"41,678",8.0,"5,234",,1600000US0634120
Ridgemark CDP,"3,212",2.6,"1,250",,1600000US0660706
San Juan Bautista city,"2,089",0.8,"2,662",,1600000US0668014
Tres Pinos CDP,443,3.6,123,,1600000US0680364
San Bernardino County,"2,181,654","20,068.0",109,,0500000US06071
Adelanto city,"38,046",52.9,720,,1600000US0600296
Apple Valley town,"75,791",77.0,984,,1600000US0602364
Baker CDP,442,2.7,164,,1600000US0603512
Barstow city,"25,415",41.3,615,,1600000US0604030
Big Bear City CDP,"12,738",32.0,398,,1600000US0606406
Big Bear Lake city,"5,046",6.2,809,,1600000US0606434
Big River CDP,"1,084",10.8,100,,1600000US0606635
Bloomington CDP,"24,339",6.1,"4,008",,1600000US0607064
Bluewater CDP,116,1.0,111,,1600000US0607172
Chino city,"91,403",29.6,"3,087",,1600000US0613210
Chino Hills city,"78,411",44.6,"1,756",,1600000US0613214
Colton city,"53,909",15.5,"3,467",,1600000US0614890
Crestline CDP,"11,650",13.9,838,,1600000US0617162
Fontana city,"208,393",43.1,"4,838",,1600000US0624680
Fort Irwin CDP,"8,096",7.0,"1,162",,1600000US0625114
Grand Terrace city,"13,150",3.5,"3,754",,1600000US0630658
Hesperia city,"99,818",72.7,"1,373",,1600000US0633434
Highland city,"56,999",18.6,"3,069",,1600000US0633588
Homestead Valley CDP,"2,789",33.9,82,,1600000US0634392
Joshua Tree CDP,"6,489",36.1,180,,1600000US0637554
Lake Arrowhead CDP,"12,401",17.7,701,,1600000US0639444
Lenwood CDP,"3,623",2.1,"1,741",,1600000US0641194
Loma Linda city,"24,791",7.6,"3,245",,1600000US0642370
Lucerne Valley CDP,"5,331",105.6,50,,1600000US0644420
Lytle Creek CDP,725,6.0,120,,1600000US0644644
Mentone CDP,"9,557",6.1,"1,564",,1600000US0646884
Montclair city,"37,865",5.5,"6,846",,1600000US0648788
Morongo Valley CDP,"3,514",25.2,139,,1600000US0649348
Mountain View Acres CDP,"3,337",1.6,"2,101",,1600000US0649684
Muscoy CDP,"10,719",3.0,"3,525",,1600000US0650132
Needles city,"4,931",30.6,161,,1600000US0650734
Oak Glen CDP,602,15.0,40,,1600000US0652715
Oak Hills CDP,"9,450",24.5,385,,1600000US0652760
Ontario city,"175,265",50.0,"3,507",,1600000US0653896
Phelan CDP,"13,859",60.1,231,,1600000US0656826
Piñon Hills CDP,"7,258",32.1,226,,1600000US0657302
Rancho Cucamonga city,"174,453",40.1,"4,349",,1600000US0659451
Redlands city,"73,168",36.0,"2,033",,1600000US0659962
Rialto city,"104,026",24.1,"4,318",,1600000US0660466
Running Springs CDP,"5,268",4.2,"1,253",,1600000US0663316
San Antonio Heights CDP,"3,441",2.4,"1,407",,1600000US0664462
San Bernardino city,"222,101",62.1,"3,575",,1600000US0665000
Searles Valley CDP,"1,565",10.5,149,,1600000US0670728
Silver Lakes CDP,"6,317",5.2,"1,207",,1600000US0671964
Spring Valley Lake CDP,"9,598",3.0,"3,174",,1600000US0673700
Twentynine Palms city,"28,065",58.7,478,,1600000US0680994
Upland city,"79,040",15.6,"5,072",,1600000US0681344
Victorville city,"134,810",73.7,"1,829",,1600000US0682590
Wrightwood CDP,"4,720",6.0,793,,1600000US0686594
Yermo CDP,623,0.6,960,,1600000US0686720
Yucaipa city,"54,542",28.3,"1,929",,1600000US0687042
Yucca Valley town,"21,738",39.8,546,,1600000US0687056
San Diego County,"3,298,634","4,210.2",783,,0500000US06073
Alpine CDP,"14,696",26.8,549,,1600000US0601192
Bonita CDP,"12,917",5.0,"2,575",,1600000US0607414
Bonsall CDP,"4,546",13.6,334,,1600000US0607498
Borrego Springs CDP,"3,073",43.4,71,,1600000US0607596
Bostonia CDP,"16,882",1.9,"8,764",,1600000US0607624
Boulevard CDP,359,3.9,92,,1600000US0607694
Campo CDP,"2,955",23.5,126,,1600000US0610508
Camp Pendleton Mainside CDP,"9,683",10.7,901,,1600000US0610554
Camp Pendleton South CDP,"12,468",6.9,"1,795",,1600000US0610561
Carlsbad city,"114,746",37.8,"3,038",,1600000US0611194
Casa de Oro-Mount Helix CDP,"19,576",6.9,"2,857",,1600000US0611691
Chula Vista city,"275,487",49.6,"5,550",,1600000US0613392
Coronado city,"20,192",7.8,"2,587",,1600000US0616378
Crest CDP,"2,828",6.5,433,,1600000US0617106
Del Dios CDP,396,0.4,966,,1600000US0618422
Del Mar city,"3,954",1.7,"2,303",,1600000US0618506
Descanso CDP,"1,499",19.2,78,,1600000US0618940
El Cajon city,"106,215",14.5,"7,320",,1600000US0621712
Elfin Forest CDP,600,2.0,296,,1600000US0621916
Encinitas city,"62,007",19.1,"3,254",,1600000US0622678
Escondido city,"151,038",37.3,"4,044",,1600000US0622804
Eucalyptus Hills CDP,"5,517",4.8,"1,159",,1600000US0623000
Fairbanks Ranch CDP,"3,002",5.1,589,,1600000US0623150
Fallbrook CDP,"32,267",17.5,"1,840",,1600000US0623462
Granite Hills CDP,"3,267",2.8,"1,170",,1600000US0630703
Harbison Canyon CDP,"4,048",10.1,402,,1600000US0632044
Harmony Grove CDP,"2,079",3.1,675,,1600000US0632212
Hidden Meadows CDP,"4,484",6.6,681,,1600000US0633532
Imperial Beach city,"26,137",4.3,"6,092",,1600000US0636294
Jacumba CDP,540,6.1,88,,1600000US0637022
Jamul CDP,"6,179",16.8,367,,1600000US0637120
Julian CDP,"1,768",7.9,224,,1600000US0637582
Lake San Marcos CDP,"5,328",1.7,"3,121",,1600000US0639724
Lakeside CDP,"21,152",6.9,"3,053",,1600000US0639766
La Mesa city,"61,121",9.1,"6,723",,1600000US0640004
La Presa CDP,"35,033",5.5,"6,373",,1600000US0640326
Lemon Grove city,"27,627",3.9,"7,123",,1600000US0641124
Mount Laguna CDP,74,1.7,44,,1600000US0649810
National City city,"56,173",7.3,"7,700",,1600000US0650398
Oceanside city,"174,068",41.3,"4,218",,1600000US0653322
Pala CDP,"1,490",5.6,264,,1600000US0655058
Pine Valley CDP,"1,645",7.2,230,,1600000US0657260
Potrero CDP,648,3.1,206,,1600000US0658478
Poway city,"48,841",39.1,"1,250",,1600000US0658520
Rainbow CDP,"1,884",11.0,171,,1600000US0659248
Ramona CDP,"21,468",38.4,559,,1600000US0659346
Rancho San Diego CDP,"21,858",8.7,"2,513",,1600000US0659550
Rancho Santa Fe CDP,"3,156",6.7,470,,1600000US0659584
San Diego city,"1,386,932",325.9,"4,256",,1600000US0666000
San Diego Country Estates CDP,"10,395",16.8,619,,1600000US0666004
San Marcos city,"94,833",24.4,"3,894",,1600000US0668196
Santee city,"60,037",16.5,"3,630",,1600000US0670224
Solana Beach city,"12,941",3.4,"3,791",,1600000US0672506
Spring Valley CDP,"30,998",7.3,"4,222",,1600000US0673696
Valley Center CDP,"10,087",27.4,368,,1600000US0681736
Vista city,"98,381",18.7,"5,248",,1600000US0682996
Winter Gardens CDP,"22,380",4.4,"5,063",,1600000US0685992
San Francisco County,"873,965",46.9,"18,629",,0500000US06075
San Francisco city,"873,965",46.9,"18,629",,1600000US0667000
San Joaquin County,"779,233","1,392.4",560,,0500000US06077
Acampo CDP,334,0.9,356,,1600000US0600156
August CDP,"8,628",1.3,"6,870",,1600000US0603209
Collierville CDP,"2,094",6.6,318,,1600000US0614708
Country Club CDP,"10,777",1.9,"5,622",,1600000US0616651
Dogtown CDP,"2,516",13.0,194,,1600000US0619440
Escalon city,"7,472",2.3,"3,280",,1600000US0622790
Farmington CDP,220,2.5,87,,1600000US0623630
French Camp CDP,"3,770",3.1,"1,218",,1600000US0626028
Garden Acres CDP,"11,398",2.6,"4,410",,1600000US0628182
Kennedy CDP,"3,223",1.2,"2,659",,1600000US0638065
Lathrop city,"28,701",19.8,"1,448",,1600000US0640704
Lincoln Village CDP,"4,401",0.7,"5,987",,1600000US0641558
Linden CDP,"1,863",7.4,251,,1600000US0641670
Lockeford CDP,"3,333",8.3,400,,1600000US0642104
Lodi city,"66,348",13.6,"4,864",,1600000US0642202
Manteca city,"83,498",21.4,"3,904",,1600000US0645484
Morada CDP,"4,054",3.0,"1,360",,1600000US0649180
Mountain House CDP,"24,499",4.6,"5,375",,1600000US0649582
Peters CDP,708,2.5,280,,1600000US0656798
Ripon city,"16,013",5.3,"3,007",,1600000US0661026
Stockton city,"320,804",62.2,"5,157",,1600000US0675000
Taft Mosswood CDP,"1,636",0.5,"3,515",,1600000US0677595
Terminous CDP,429,1.0,439,,1600000US0678232
Thornton CDP,"1,004",2.1,471,,1600000US0678568
Tracy city,"93,000",25.9,"3,592",,1600000US0680238
Victor CDP,313,1.3,248,,1600000US0682562
Waterloo CDP,534,5.4,98,,1600000US0683626
Woodbridge CDP,"4,031",3.0,"1,337",,1600000US0686230
San Luis Obispo County,"282,424","3,300.9",86,,0500000US06079
Arroyo Grande city,"18,441",5.9,"3,105",,1600000US0602868
Atascadero city,"29,773",26.1,"1,142",,1600000US0603064
Avila Beach CDP,"1,576",6.1,259,,1600000US0603330
Blacklake CDP,"1,016",1.0,972,,1600000US0606935
California Polytechnic State University CDP,"8,583",1.5,"5,576",,1600000US0609835
Callender CDP,"1,282",2.3,561,,1600000US0609948
Cambria CDP,"5,678",8.4,674,,1600000US0610074
Cayucos CDP,"2,505",3.1,808,,1600000US0612132
Creston CDP,98,0.6,174,,1600000US0617232
Edna CDP,184,1.2,151,,1600000US0621565
El Paso de Robles (Paso Robles) city,"31,490",19.7,"1,603",,1600000US0622300
Garden Farms CDP,449,1.1,411,,1600000US0628210
Grover Beach city,"12,701",2.3,"5,493",,1600000US0631393
Lake Nacimiento CDP,"2,956",10.5,282,,1600000US0639670
Los Berros CDP,623,2.5,248,,1600000US0644042
Los Osos CDP,"14,465",12.8,"1,133",,1600000US0644182
Los Ranchos CDP,"1,516",2.9,525,,1600000US0644242
Morro Bay city,"10,757",5.3,"2,019",,1600000US0649362
Nipomo CDP,"18,176",15.1,"1,206",,1600000US0651476
Oak Shores CDP,316,5.1,62,,1600000US0653160
Oceano CDP,"7,183",1.5,"4,675",,1600000US0653294
Pismo Beach city,"8,072",3.5,"2,308",,1600000US0657414
San Luis Obispo city,"47,063",13.3,"3,537",,1600000US0668154
San Miguel CDP,"3,172",1.7,"1,889",,1600000US0668266
San Simeon CDP,445,0.8,559,,1600000US0668434
Santa Margarita CDP,"1,291",0.5,"2,495",,1600000US0669182
Shandon CDP,"1,168",2.9,396,,1600000US0671134
Templeton CDP,"8,386",7.9,"1,060",,1600000US0678162
Whitley Gardens CDP,325,1.3,248,,1600000US0685222
Woodlands CDP,"1,933",1.7,"1,170",,1600000US0686380
San Mateo County,"764,442",448.6,"1,704",,0500000US06081
Atherton town,"7,188",5.0,"1,433",,1600000US0603092
Baywood Park CDP,"1,693",0.5,"3,084",,1600000US0604549
Belmont city,"28,335",4.6,"6,120",,1600000US0605108
Brisbane city,"4,851",3.0,"1,625",,1600000US0608310
Broadmoor CDP,"4,411",0.4,"10,211",,1600000US0608338
Burlingame city,"31,386",4.4,"7,144",,1600000US0609066
Colma town,"1,507",1.9,797,,1600000US0614736
Daly City city,"104,901",7.6,"13,733",,1600000US0617918
East Palo Alto city,"30,034",2.5,"11,881",,1600000US0620956
El Granada CDP,"5,481",4.9,"1,114",,1600000US0621936
Emerald Lake Hills CDP,"4,406",1.2,"3,727",,1600000US0622587
Foster City city,"33,805",3.8,"8,926",,1600000US0625338
Half Moon Bay city,"11,795",6.2,"1,890",,1600000US0631708
Highlands CDP,"2,359",1.3,"1,809",,1600000US0633632
Hillsborough town,"11,387",6.2,"1,847",,1600000US0633798
Ladera CDP,"1,557",0.4,"3,623",,1600000US0639094
La Honda CDP,979,4.3,230,,1600000US0639318
Loma Mar CDP,134,1.7,77,,1600000US0642384
Menlo Park city,"33,780",10.0,"3,381",,1600000US0646870
Millbrae city,"23,216",3.3,"7,103",,1600000US0647486
Montara CDP,"2,833",3.9,731,,1600000US0648760
Moss Beach CDP,"3,214",2.2,"1,431",,1600000US0649446
North Fair Oaks CDP,"14,027",1.2,"11,728",,1600000US0651840
Pacifica city,"38,640",12.6,"3,071",,1600000US0654806
Pescadero CDP,595,4.0,148,,1600000US0656756
Portola Valley town,"4,456",9.1,491,,1600000US0658380
Redwood City city,"84,292",19.3,"4,359",,1600000US0660102
San Bruno city,"43,908",5.5,"8,000",,1600000US0665028
San Carlos city,"30,722",5.4,"5,677",,1600000US0665070
San Mateo city,"105,661",12.1,"8,708",,1600000US0668252
South San Francisco city,"66,105",9.2,"7,183",,1600000US0673262
West Menlo Park CDP,"3,930",0.5,"8,103",,1600000US0684536
Woodside town,"5,309",11.5,463,,1600000US0686440
Santa Barbara County,"448,229","2,733.9",164,,0500000US06083
Ballard CDP,768,2.8,275,,1600000US0603694
Buellton city,"5,161",1.6,"3,262",,1600000US0608758
Carpinteria city,"13,264",2.6,"5,124",,1600000US0611446
Casmalia CDP,147,0.2,877,,1600000US0611754
Cuyama CDP,37,0.5,82,,1600000US0617727
Eastern Goleta Valley CDP,"28,656",16.6,"1,727",,1600000US0620574
Garey CDP,72,1.3,57,,1600000US0629070
Goleta city,"32,690",7.9,"4,163",,1600000US0630378
Guadalupe city,"8,057",1.3,"6,148",,1600000US0631414
Isla Vista CDP,"15,500",0.6,"28,119",,1600000US0636868
Lompoc city,"44,444",11.6,"3,824",,1600000US0642524
Los Alamos CDP,"1,839",0.9,"2,035",,1600000US0643252
Los Olivos CDP,"1,202",2.6,459,,1600000US0644168
Mission Canyon CDP,"2,540",1.8,"1,411",,1600000US0648147
Mission Hills CDP,"3,571",1.2,"2,954",,1600000US0648186
Montecito CDP,"8,638",9.2,941,,1600000US0648844
New Cuyama CDP,542,0.6,857,,1600000US0651028
Orcutt CDP,"32,034",10.8,"2,960",,1600000US0654120
Santa Barbara city,"88,665",19.5,"4,545",,1600000US0669070
Santa Maria city,"109,707",22.8,"4,810",,1600000US0669196
Santa Ynez CDP,"4,505",4.8,933,,1600000US0670182
Sisquoc CDP,191,2.2,86,,1600000US0672086
Solvang city,"6,126",2.4,"2,526",,1600000US0672576
Summerland CDP,"1,222",1.4,875,,1600000US0675714
Toro Canyon CDP,"1,835",9.4,195,,1600000US0679529
University of California-Santa Barbara CDP,"9,710",1.3,"7,477",,1600000US0681316
Vandenberg AFB CDP,"3,559",22.4,159,,1600000US0682072
Vandenberg Village CDP,"7,308",5.3,"1,387",,1600000US0682086
Santa Clara County,"1,936,259","1,291.1","1,500",,0500000US06085
Alum Rock CDP,"12,042",0.9,"13,858",,1600000US0601458
Burbank CDP,"4,940",0.4,"11,868",,1600000US0608968
Cambrian Park CDP,"3,719",0.6,"6,095",,1600000US0610088
Campbell city,"43,959",6.1,"7,229",,1600000US0610345
Cupertino city,"60,381",11.3,"5,330",,1600000US0617610
East Foothills CDP,"6,803",2.1,"3,196",,1600000US0620598
Fruitdale CDP,989,0.3,"3,706",,1600000US0627080
Gilroy city,"59,520",16.5,"3,600",,1600000US0629504
Lexington Hills CDP,"2,492",4.7,528,,1600000US0641282
Los Altos city,"31,625",6.5,"4,836",,1600000US0643280
Los Altos Hills town,"8,489",9.0,940,,1600000US0643294
Los Gatos town,"33,529",11.6,"2,903",,1600000US0644112
Loyola CDP,"3,491",1.4,"2,511",,1600000US0644378
Milpitas city,"80,273",13.5,"5,954",,1600000US0647766
Monte Sereno city,"3,479",1.6,"2,131",,1600000US0648956
Morgan Hill city,"45,483",12.9,"3,515",,1600000US0649278
Mountain View city,"82,376",12.0,"6,889",,1600000US0649670
Palo Alto city,"68,572",24.1,"2,846",,1600000US0655282
San Jose city,"1,013,240",178.3,"5,684",,1600000US0668000
San Martin CDP,"7,008",11.6,604,,1600000US0668238
Santa Clara city,"127,647",18.3,"6,984",,1600000US0669084
Saratoga city,"31,051",12.8,"2,430",,1600000US0670280
Stanford CDP,"21,150",2.8,"7,690",,1600000US0673906
Sunnyvale city,"155,805",22.1,"7,063",,1600000US0677000
Santa Cruz County,"270,861",445.1,609,,0500000US06087
Amesti CDP,"2,637",2.9,897,,1600000US0601651
Aptos CDP,"6,664",6.6,"1,013",,1600000US0602378
Aptos Hills-Larkin Valley CDP,"2,383",9.3,257,,1600000US0602382
Ben Lomond CDP,"6,337",8.4,757,,1600000US0605332
Bonny Doon CDP,"2,868",16.6,173,,1600000US0607470
Boulder Creek CDP,"5,429",7.5,723,,1600000US0607652
Brookdale CDP,"2,043",3.8,531,,1600000US0608478
Capitola city,"9,938",1.6,"6,233",,1600000US0611040
Corralitos CDP,"2,342",9.0,261,,1600000US0616434
Davenport CDP,388,2.8,136,,1600000US0618086
Day Valley CDP,"3,410",18.5,184,,1600000US0618153
Felton CDP,"4,489",4.6,967,,1600000US0623826
Freedom CDP,"3,835",1.1,"3,383",,1600000US0625576
Interlaken CDP,"7,368",9.8,752,,1600000US0636613
La Selva Beach CDP,"2,531",5.3,478,,1600000US0640508
Live Oak CDP,"17,038",3.2,"5,254",,1600000US0641922
Lompico CDP,"1,154",3.4,342,,1600000US0642510
Mount Hermon CDP,"1,110",0.7,"1,708",,1600000US0649796
Pajaro Dunes CDP,122,2.6,48,,1600000US0655048
Paradise Park CDP,367,0.3,"1,319",,1600000US0655604
Pasatiempo CDP,"1,093",0.9,"1,228",,1600000US0656028
Pleasure Point CDP,"5,821",0.7,"7,766",,1600000US0657825
Rio del Mar CDP,"9,128",3.0,"3,043",,1600000US0660928
Santa Cruz city,"62,956",12.7,"4,942",,1600000US0669112
Scotts Valley city,"12,224",4.6,"2,647",,1600000US0670588
Seacliff CDP,"3,280",0.7,"4,494",,1600000US0670644
Soquel CDP,"9,980",4.6,"2,171",,1600000US0672688
Twin Lakes CDP,"4,944",0.7,"7,154",,1600000US0681050
Watsonville city,"52,590",6.7,"7,841",,1600000US0683668
Zayante CDP,729,2.8,258,,1600000US0687090
Shasta County,"182,155","3,775.5",48,,0500000US06089
Anderson city,"11,323",7.0,"1,610",,1600000US0602042
Bella Vista CDP,"3,641",26.4,138,,1600000US0604926
Big Bend CDP,79,5.7,14,,1600000US0606475
Burney CDP,"3,000",5.4,558,,1600000US0609122
Cassel CDP,207,2.0,102,,1600000US0611782
Castella CDP,214,1.1,191,,1600000US0611824
Centerville CDP,"2,095",8.1,260,,1600000US0612415
Cottonwood CDP,"6,268",13.2,474,,1600000US0616630
Fall River Mills CDP,616,2.6,233,,1600000US0623532
French Gulch CDP,373,12.3,30,,1600000US0626056
Happy Valley CDP,"4,949",16.9,293,,1600000US0632036
Hat Creek CDP,266,50.0,5,,1600000US0632408
Igo CDP,103,1.0,101,,1600000US0636252
Johnson Park CDP,686,0.9,760,,1600000US0637442
Jones Valley CDP,"1,160",6.4,180,,1600000US0637533
Keswick CDP,188,3.4,56,,1600000US0638352
Lakehead CDP,469,4.7,100,,1600000US0639514
McArthur CDP,334,1.0,334,,1600000US0644700
Millville CDP,724,8.0,90,,1600000US0647724
Montgomery Creek CDP,176,3.3,54,,1600000US0648998
Mountain Gate CDP,815,2.0,413,,1600000US0649558
Oak Run CDP,158,3.0,52,,1600000US0653140
Old Station CDP,64,2.2,29,,1600000US0653602
Ono CDP,93,1.9,49,,1600000US0653882
Palo Cedro CDP,"2,931",8.2,358,,1600000US0655296
Platina CDP,13,2.1,6,,1600000US0657666
Redding city,"93,611",59.6,"1,569",,1600000US0659920
Round Mountain CDP,160,1.7,95,,1600000US0663134
Shasta CDP,"1,043",10.9,95,,1600000US0671218
Shasta Lake city,"10,371",10.9,949,,1600000US0671225
Shingletown CDP,"2,442",24.5,99,,1600000US0671568
Whitmore CDP,311,6.5,48,,1600000US0685250
Sierra County,"3,236",953.2,3,,0500000US06091
Alleghany CDP,30,0.3,86,,1600000US0600982
Calpine CDP,223,0.7,314,,1600000US0610004
Downieville CDP,290,3.2,91,,1600000US0619794
Goodyears Bar CDP,69,2.0,34,,1600000US0630420
Loyalton city,740,0.4,"2,082",,1600000US0644364
Pike CDP,159,4.3,37,,1600000US0657036
Sattley CDP,44,2.0,21,,1600000US0670336
Sierra Brooks CDP,467,1.4,341,,1600000US0671774
Sierra City CDP,235,2.2,109,,1600000US0671778
Sierraville CDP,239,5.0,48,,1600000US0671848
Verdi CDP,179,4.2,43,,1600000US0682334
Siskiyou County,"44,076","6,278.8",7,,0500000US06093
Carrick CDP,143,0.1,"2,432",,1600000US0611481
Dorris city,860,0.7,"1,224",,1600000US0619584
Dunsmuir city,"1,707",1.6,"1,064",,1600000US0620242
Edgewood CDP,72,1.0,70,,1600000US0621530
Etna city,678,0.8,892,,1600000US0622972
Fort Jones city,695,0.6,"1,154",,1600000US0625128
Gazelle CDP,95,0.7,141,,1600000US0629252
Greenview CDP,208,1.3,161,,1600000US0631134
Grenada CDP,314,0.5,609,,1600000US0631246
Happy Camp CDP,905,12.1,75,,1600000US0632030
Hornbrook CDP,266,1.2,228,,1600000US0634694
Lake Shastina CDP,"2,401",4.0,598,,1600000US0639728
McCloud CDP,945,2.4,390,,1600000US0644784
Macdoel CDP,86,0.2,515,,1600000US0644812
Montague city,"1,226",1.8,690,,1600000US0648690
Mount Hebron CDP,103,0.7,139,,1600000US0649768
Mount Shasta city,"3,223",3.8,856,,1600000US0649852
Tennant CDP,63,0.3,186,,1600000US0678176
Tulelake city,902,0.4,"2,201",,1600000US0680686
Weed city,"2,862",4.8,594,,1600000US0683850
Yreka city,"7,807",10.0,782,,1600000US0686944
Solano County,"453,491",821.8,552,,0500000US06095
Allendale CDP,"1,651",6.1,269,,1600000US0600996
Benicia city,"27,131",12.8,"2,117",,1600000US0605290
Dixon city,"18,988",7.1,"2,674",,1600000US0619402
Elmira CDP,193,0.5,364,,1600000US0622146
Fairfield city,"119,881",41.6,"2,882",,1600000US0623182
Green Valley CDP,"1,654",8.4,198,,1600000US0631099
Hartley CDP,"2,430",6.5,375,,1600000US0632340
Rio Vista city,"10,005",6.6,"1,516",,1600000US0660984
Suisun City city,"29,518",4.0,"7,370",,1600000US0675630
Vacaville city,"102,386",29.9,"3,428",,1600000US0681554
Vallejo city,"126,090",30.4,"4,145",,1600000US0681666
Sonoma County,"488,863","1,575.6",310,,0500000US06097
Bloomfield CDP,338,8.1,42,,1600000US0607036
Bodega CDP,211,2.9,73,,1600000US0607246
Bodega Bay CDP,912,8.3,109,,1600000US0607260
Boyes Hot Springs CDP,"6,215",1.1,"5,861",,1600000US0607848
Carmet CDP,55,0.3,192,,1600000US0611376
Cazadero CDP,298,7.1,42,,1600000US0612146
Cloverdale city,"8,996",3.1,"2,869",,1600000US0614190
Cotati city,"7,584",1.9,"4,046",,1600000US0616560
Eldridge CDP,"1,312",0.7,"2,012",,1600000US0621894
El Verano CDP,"3,867",1.1,"3,379",,1600000US0622510
Fetters Hot Springs-Agua Caliente CDP,"4,233",1.5,"2,897",,1600000US0623973
Forestville CDP,"3,264",5.3,621,,1600000US0624960
Fulton CDP,551,1.9,283,,1600000US0628014
Geyserville CDP,861,4.5,191,,1600000US0629420
Glen Ellen CDP,714,2.1,340,,1600000US0630028
Graton CDP,"1,683",1.6,"1,066",,1600000US0630812
Guerneville CDP,"4,552",9.7,469,,1600000US0631470
Healdsburg city,"11,340",4.4,"2,565",,1600000US0633056
Jenner CDP,122,2.1,58,,1600000US0637274
Kenwood CDP,852,5.2,165,,1600000US0638156
Larkfield-Wikiup CDP,"8,492",5.3,"1,600",,1600000US0640426
Monte Rio CDP,"1,080",1.9,567,,1600000US0648928
Occidental CDP,"1,132",5.0,228,,1600000US0653266
Penngrove CDP,"2,637",4.0,654,,1600000US0656476
Petaluma city,"59,776",14.4,"4,147",,1600000US0656784
Petaluma Center CDP,709,1.2,604,,1600000US0656786
Rohnert Park city,"44,390",7.3,"6,093",,1600000US0662546
Salmon Creek CDP,111,1.1,100,,1600000US0664252
Santa Rosa city,"178,127",42.5,"4,189",,1600000US0670098
Sea Ranch CDP,"1,169",16.1,73,,1600000US0670712
Sebastopol city,"7,521",1.9,"3,996",,1600000US0670770
Sereno del Mar CDP,107,0.7,145,,1600000US0671000
Sonoma city,"10,739",2.7,"3,914",,1600000US0672646
Sonoma State University CDP,"2,679",0.4,"6,419",,1600000US0672654
Temelec CDP,"1,500",1.6,945,,1600000US0678126
Timber Cove CDP,171,5.7,30,,1600000US0678715
Valley Ford CDP,148,2.6,56,,1600000US0681778
Windsor town,"26,344",7.4,"3,543",,1600000US0685922
Stanislaus County,"552,878","1,496.0",370,,0500000US06099
Airport CDP,"1,389",0.2,"7,964",,1600000US0600535
Bret Harte CDP,"5,135",0.6,"9,333",,1600000US0608172
Bystrom CDP,"3,957",0.5,"7,275",,1600000US0609353
Ceres city,"49,302",9.5,"5,190",,1600000US0612524
Cowan CDP,342,0.1,"2,426",,1600000US0616762
Crows Landing CDP,322,1.7,195,,1600000US0617428
Del Rio CDP,"1,399",2.0,700,,1600000US0618695
Denair CDP,"4,865",1.6,"2,963",,1600000US0618856
Diablo Grande CDP,"1,669",4.3,388,,1600000US0619155
East Oakdale CDP,"3,201",5.4,594,,1600000US0620907
Empire CDP,"4,202",1.2,"3,596",,1600000US0622622
Grayson CDP,"1,041",0.2,"5,649",,1600000US0630882
Hickman CDP,604,0.4,"1,723",,1600000US0633504
Hughson city,"7,481",1.9,"3,924",,1600000US0634904
Keyes CDP,"5,672",1.6,"3,618",,1600000US0638422
Knights Ferry CDP,112,0.2,700,,1600000US0638786
La Grange CDP,166,0.1,"1,778",,1600000US0639164
Modesto city,"218,464",43.0,"5,075",,1600000US0648354
Monterey Park Tract CDP,164,0.0,"3,471",,1600000US0648916
Newman city,"12,351",2.1,"5,987",,1600000US0651140
Oakdale city,"23,181",6.2,"3,724",,1600000US0652694
Orange Blossom CDP,"1,068",3.8,280,,1600000US0653987
Parklawn CDP,"1,249",0.1,"9,370",,1600000US0655728
Patterson city,"23,781",7.8,"3,054",,1600000US0656112
Riverbank city,"24,865",4.7,"5,277",,1600000US0661068
Riverdale Park CDP,"1,053",1.5,724,,1600000US0661106
Rouse CDP,"1,913",0.2,"8,026",,1600000US0663168
Salida CDP,"13,886",2.2,"6,264",,1600000US0664210
Turlock city,"72,740",16.9,"4,303",,1600000US0680812
Valley Home CDP,284,1.1,247,,1600000US0681792
Waterford city,"9,120",2.4,"3,867",,1600000US0683612
Westley CDP,575,0.3,"1,692",,1600000US0684480
West Modesto CDP,"5,965",1.4,"4,320",,1600000US0684578
Sutter County,"99,633",602.7,165,,0500000US06101
East Nicolaus CDP,223,4.6,49,,1600000US0620900
Live Oak city,"9,106",3.1,"2,918",,1600000US0641936
Meridian CDP,304,5.3,57,,1600000US0646926
Nicolaus CDP,176,3.1,56,,1600000US0651336
Rio Oso CDP,372,6.5,57,,1600000US0660970
Robbins CDP,347,2.6,134,,1600000US0662168
Sutter CDP,"2,997",3.0,991,,1600000US0677378
Trowbridge CDP,229,6.8,34,,1600000US0680560
Yuba City city,"70,117",15.0,"4,681",,1600000US0686972
Tehama County,"65,829","2,949.1",22,,0500000US06103
Bend CDP,603,2.9,207,,1600000US0605276
Corning city,"8,244",3.5,"2,324",,1600000US0616322
Dales CDP,28,0.6,43,,1600000US0617876
Flournoy CDP,117,5.9,20,,1600000US0624568
Gerber CDP,"1,044",0.9,"1,126",,1600000US0629392
Lake California CDP,"3,377",6.3,535,,1600000US0639460
Las Flores CDP,190,0.4,531,,1600000US0640536
Los Molinos CDP,"2,098",2.2,964,,1600000US0644140
Manton CDP,310,17.7,18,,1600000US0645512
Mineral CDP,136,44.3,3,,1600000US0647794
Paskenta CDP,110,1.1,102,,1600000US0656042
Paynes Creek CDP,54,3.4,16,,1600000US0656196
Proberta CDP,237,1.4,166,,1600000US0658814
Rancho Tehama Reserve CDP,"1,572",11.7,135,,1600000US0659604
Red Bluff city,"14,710",7.6,"1,946",,1600000US0659892
Richfield CDP,309,0.5,565,,1600000US0660592
Tehama city,435,0.8,548,,1600000US0678106
Vina CDP,198,1.4,146,,1600000US0682786
Trinity County,"16,112","3,179.3",5,,0500000US06105
Burnt Ranch CDP,250,13.4,19,,1600000US0609150
Coffee Creek CDP,152,11.5,13,,1600000US0614406
Douglas City CDP,868,30.4,29,,1600000US0619724
Hayfork CDP,"2,324",72.1,32,,1600000US0632562
Hyampom CDP,241,20.3,12,,1600000US0636098
Junction City CDP,658,26.5,25,,1600000US0637596
Lewiston CDP,"1,222",20.0,61,,1600000US0641278
Mad River CDP,361,35.2,10,,1600000US0645092
Post Mountain CDP,"3,032",12.4,244,,1600000US0658456
Ruth CDP,254,38.9,7,,1600000US0663386
Salyer CDP,389,5.3,74,,1600000US0664378
Trinity Center CDP,198,5.2,38,,1600000US0680476
Trinity Village CDP,278,4.0,69,,1600000US0680483
Weaverville CDP,"3,667",12.9,285,,1600000US0683794
Tulare County,"473,117","4,823.9",98,,0500000US06107
Allensworth CDP,531,3.1,171,,1600000US0601010
Alpaugh CDP,871,0.4,"2,083",,1600000US0601164
California Hot Springs CDP,50,0.9,55,,1600000US0609822
Camp Nelson CDP,106,1.2,86,,1600000US0610494
Cedar Slope CDP,10,0.3,35,,1600000US0612314
Cutler CDP,"4,480",1.2,"3,661",,1600000US0617708
Delft Colony CDP,412,0.1,"3,098",,1600000US0618450
Dinuba city,"24,563",6.5,"3,773",,1600000US0619318
Ducor CDP,616,0.6,"1,106",,1600000US0620032
Earlimart CDP,"7,679",2.9,"2,645",,1600000US0620438
East Orosi CDP,423,0.2,"1,706",,1600000US0620942
East Porterville CDP,"5,549",2.1,"2,615",,1600000US0621012
East Tulare Villa CDP,773,0.3,"2,737",,1600000US0621210
El Monte Mobile Village CDP,156,0.0,"21,763",,1600000US0622235
El Rancho CDP,96,0.0,"4,448",,1600000US0622360
Exeter city,"10,321",2.5,"4,194",,1600000US0623126
Farmersville city,"10,397",2.2,"4,723",,1600000US0623616
Goshen CDP,"4,968",2.8,"1,764",,1600000US0630476
Hartland CDP,69,0.2,298,,1600000US0632324
Hypericum CDP,125,0.0,"4,009",,1600000US0636135
Idlewild CDP,32,0.5,70,,1600000US0636168
Ivanhoe CDP,"4,468",1.3,"3,411",,1600000US0636910
Jovista CDP,41,0.1,408,,1600000US0637568
Kennedy Meadows CDP,58,5.8,10,,1600000US0638076
Lemon Cove CDP,298,1.3,223,,1600000US0641110
Lindcove CDP,189,0.1,"1,659",,1600000US0641656
Lindsay city,"12,659",2.7,"4,647",,1600000US0641712
Linnell Camp CDP,696,0.1,"5,942",,1600000US0641740
London CDP,"1,518",0.8,"1,859",,1600000US0642566
McClenney Tract CDP,15,0.6,24,,1600000US0644770
Matheny CDP,"1,125",0.4,"2,627",,1600000US0646223
Monson CDP,152,0.2,751,,1600000US0648676
Orosi CDP,"8,329",2.6,"3,233",,1600000US0654372
Panorama Heights CDP,44,0.5,93,,1600000US0655506
Patterson Tract CDP,"1,888",1.4,"1,306",,1600000US0656120
Pierpoint CDP,59,0.4,145,,1600000US0657011
Pine Flat CDP,206,1.0,206,,1600000US0657134
Pixley CDP,"3,828",5.3,729,,1600000US0657512
Plainview CDP,846,0.2,"3,703",,1600000US0657568
Ponderosa CDP,51,0.8,63,,1600000US0658134
Poplar-Cotton Center CDP,"2,370",2.4,998,,1600000US0658191
Porterville city,"62,623",18.6,"3,358",,1600000US0658240
Posey CDP,23,0.4,64,,1600000US0658422
Poso Park CDP,9,0.0,207,,1600000US0658436
Richgrove CDP,"2,358",0.5,"5,217",,1600000US0660606
Rodriguez Camp CDP,133,0.3,505,,1600000US0662496
Sequoia Crest CDP,24,1.0,23,,1600000US0670966
Seville CDP,446,0.3,"1,622",,1600000US0671078
Silver City CDP,0,0.1,0,,1600000US0671932
Springville CDP,967,1.5,637,,1600000US0673710
Strathmore CDP,"2,830",1.4,"2,005",,1600000US0675280
Sugarloaf Saw Mill CDP,14,0.1,144,,1600000US0675592
Sugarloaf Village CDP,7,0.1,104,,1600000US0675596
Sultana CDP,779,0.4,"2,074",,1600000US0675672
Terra Bella CDP,"2,910",2.2,"1,330",,1600000US0678288
Teviston CDP,"1,185",2.2,542,,1600000US0678336
Three Rivers CDP,"2,053",31.0,66,,1600000US0678638
Tipton CDP,"2,519",1.7,"1,459",,1600000US0678750
Tonyville CDP,329,0.1,"6,515",,1600000US0678932
Tooleville CDP,286,0.1,"4,283",,1600000US0678949
Traver CDP,731,0.7,"1,091",,1600000US0680280
Tulare city,"68,875",20.4,"3,379",,1600000US0680644
Visalia city,"141,384",37.9,"3,727",,1600000US0682954
Waukena CDP,80,0.4,228,,1600000US0683724
West Goshen CDP,536,0.7,800,,1600000US0684345
Wilsonia CDP,14,0.3,51,,1600000US0685866
Woodlake city,"7,419",2.6,"2,838",,1600000US0686300
Woodville CDP,"1,680",1.0,"1,684",,1600000US0686482
Woodville Farm Labor Camp CDP,729,0.2,"3,839",,1600000US0686489
Yettem CDP,201,0.1,"1,827",,1600000US0686734
Tuolumne County,"55,620","2,220.9",25,,0500000US06109
Cedar Ridge CDP,"1,235",7.8,158,,1600000US0612300
Chinese Camp CDP,90,0.9,100,,1600000US0613182
Cold Springs CDP,123,1.7,71,,1600000US0614454
Columbia CDP,"2,577",6.0,432,,1600000US0614904
East Sonora CDP,"2,431",2.4,994,,1600000US0621188
Groveland CDP,540,9.6,56,,1600000US0631372
Jamestown CDP,"3,478",3.0,"1,158",,1600000US0637106
Long Barn CDP,162,2.9,56,,1600000US0642622
Mi-Wuk Village CDP,935,2.8,330,,1600000US0648298
Mono Vista CDP,"3,236",2.8,"1,145",,1600000US0648641
Phoenix Lake CDP,"4,264",11.1,385,,1600000US0656870
Pine Mountain Lake CDP,"2,636",19.0,139,,1600000US0657244
Sierra Village CDP,411,2.6,160,,1600000US0671834
Sonora city,"5,003",3.2,"1,582",,1600000US0672674
Soulsbyville CDP,"2,092",3.0,695,,1600000US0672772
Strawberry CDP,87,0.5,167,,1600000US0675322
Tuolumne City CDP,"1,798",2.4,763,,1600000US0680763
Tuttletown CDP,787,7.4,107,,1600000US0680896
Twain Harte CDP,"2,378",3.7,643,,1600000US0680966
Ventura County,"843,843","1,840.8",458,,0500000US06111
Bell Canyon CDP,"1,946",3.6,535,,1600000US0604938
Camarillo city,"70,741",19.7,"3,593",,1600000US0610046
Casa Conejo CDP,"3,267",0.5,"6,927",,1600000US0611656
Channel Islands Beach CDP,"2,870",0.4,"6,791",,1600000US0612669
El Rio CDP,"7,037",2.0,"3,463",,1600000US0622370
Fillmore city,"16,419",3.3,"4,971",,1600000US0624092
Lake Sherwood CDP,"1,759",3.1,561,,1600000US0639735
Meiners Oaks CDP,"3,911",2.4,"1,604",,1600000US0646702
Mira Monte CDP,"6,618",4.8,"1,374",,1600000US0648046
Moorpark city,"36,284",12.3,"2,956",,1600000US0649138
Oak Park CDP,"13,898",5.3,"2,625",,1600000US0653116
Oak View CDP,"6,215",3.4,"1,824",,1600000US0653182
Ojai city,"7,637",4.4,"1,753",,1600000US0653476
Oxnard city,"202,063",26.5,"7,617",,1600000US0654652
Piru CDP,"2,587",3.2,814,,1600000US0657372
Port Hueneme city,"21,954",4.4,"4,973",,1600000US0658296
San Buenaventura (Ventura) city,"110,763",21.9,"5,061",,1600000US0665042
Santa Paula city,"30,657",5.5,"5,544",,1600000US0670042
Santa Rosa Valley CDP,"3,312",7.2,459,,1600000US0670130
Santa Susana CDP,"1,160",1.3,924,,1600000US0670140
Saticoy CDP,"1,133",0.4,"3,031",,1600000US0670322
Simi Valley city,"126,356",41.5,"3,041",,1600000US0672016
Somis CDP,"1,429",3.4,426,,1600000US0672632
Thousand Oaks city,"126,966",55.3,"2,298",,1600000US0678582
Yolo County,"216,403","1,014.7",213,,0500000US06113
Brooks CDP,31,4.3,7,,1600000US0608506
Clarksburg CDP,402,2.0,198,,1600000US0613784
Davis city,"66,850",10.0,"6,704",,1600000US0618100
Dunnigan CDP,"1,382",5.2,264,,1600000US0620228
El Macero CDP,"1,074",0.6,"1,829",,1600000US0622104
Esparto CDP,"3,572",4.6,776,,1600000US0622846
Guinda CDP,245,2.9,84,,1600000US0631540
Knights Landing CDP,"1,117",0.5,"2,067",,1600000US0638800
Madison CDP,581,1.5,376,,1600000US0645064
Monument Hills CDP,"1,702",4.0,427,,1600000US0649045
Rumsey CDP,91,2.4,37,,1600000US0663302
Tancred CDP,89,1.6,55,,1600000US0677860
University of California-Davis CDP,"8,525",1.7,"4,936",,1600000US0681302
West Sacramento city,"53,915",21.5,"2,511",,1600000US0684816
Winters city,"7,115",2.9,"2,424",,1600000US0686034
Woodland city,"61,032",15.3,"3,985",,1600000US0686328
Yolo CDP,425,1.4,309,,1600000US0686804
Yuba County,"81,575",632.0,129,,0500000US06115
Beale AFB CDP,"1,303",10.1,129,,1600000US0604576
Camptonville CDP,158,0.9,184,,1600000US0610676
Challenge-Brownsville CDP,"1,161",9.7,120,,1600000US0612612
Dobbins CDP,551,7.7,71,,1600000US0619416
Linda CDP,"21,654",8.6,"2,522",,1600000US0641572
Loma Rica CDP,"2,409",18.5,130,,1600000US0642412
Marysville city,"12,844",3.5,"3,708",,1600000US0646170
Olivehurst CDP,"16,595",8.4,"1,972",,1600000US0653714
Plumas Lake CDP,"8,126",11.8,686,,1600000US0657829
Smartsville CDP,185,0.7,258,,1600000US0672282
Wheatland city,"3,712",8.1,457,,1600000US0685012